index,rOBA,Rbat+,BAbip,ISO,HR%,SO%,BB%,LD%,GB%,FB%,GB/FB,Pull%,Cent%,Oppo%,WPA,cWPA,RE24,RS%,SB%,XBT%,Year,Tm,Playoff
0,.330,91,.290,.144,2.5%,16.1%,7.9%,25.5%,37.7%,29.5%,0.62,29.4%,50.5%,20.1%,-10.0,-4.0%,-93.3,28%,69%,44%,2001,Anaheim Angels,No
1,.343,91,.294,.175,3.3%,16.6%,9.3%,24.6%,38.9%,28.6%,0.66,28.5%,51.8%,19.7%,-2.9,-1.3%,28.4,31%,65%,42%,2001,Arizona Diamondbacks,No
2,.328,85,.290,.152,2.8%,16.9%,8.0%,22.6%,44.2%,26.2%,0.82,26.3%,52.5%,21.2%,-5.9,-6.3%,-38.8,30%,65%,45%,2001,Atlanta Braves,No
3,.317,88,.278,.131,2.2%,16.1%,8.4%,24.6%,39.2%,28.0%,0.67,30.4%,49.7%,19.9%,-10.0,-2.0%,-85.3,30%,72%,47%,2001,Baltimore Orioles,No
4,.341,100,.300,.173,3.2%,18.1%,8.3%,25.2%,40.2%,27.7%,0.69,28.4%,51.6%,20.0%,-2.3,-1.5%,-19.2,30%,57%,34%,2001,Boston Red Sox,No
5,.340,102,.290,.169,3.1%,17.3%,9.3%,23.3%,42.7%,25.8%,0.79,26.8%,52.8%,20.4%,2.8,2.0%,38.7,31%,65%,39%,2001,Chicago Cubs,No
6,.347,101,.290,.183,3.5%,16.2%,8.5%,23.7%,39.4%,29.4%,0.68,29.4%,50.1%,20.6%,2.0,-0.6%,2.5,32%,68%,42%,2001,Chicago White Sox,No
7,.333,86,.301,.157,2.8%,18.8%,7.5%,24.9%,41.4%,25.8%,0.73,27.8%,51.8%,20.4%,-7.1,-1.7%,-52.8,30%,66%,42%,2001,Cincinnati Reds,No
8,.355,111,.308,.179,3.3%,16.9%,9.1%,25.2%,38.2%,28.3%,0.65,31.8%,49.0%,19.2%,8.6,8.9%,108.9,34%,66%,41%,2001,Cleveland Indians,No
9,.368,97,.322,.191,3.3%,16.1%,8.0%,26.7%,38.6%,26.2%,0.67,26.9%,53.2%,19.9%,4.4,2.3%,95.3,35%,71%,49%,2001,Colorado Rockies,No
10,.329,100,.291,.150,2.3%,15.8%,7.6%,24.6%,40.8%,26.9%,0.71,29.5%,52.3%,18.2%,-3.9,-0.2%,-43.1,32%,69%,39%,2001,Detroit Tigers,No
11,.333,95,.303,.159,2.7%,18.5%,7.6%,25.1%,38.8%,28.3%,0.66,29.5%,50.1%,20.4%,-2.4,-0.3%,-2.4,31%,69%,37%,2001,Florida Marlins,No
12,.352,100,.304,.180,3.3%,17.7%,9.2%,26.3%,39.1%,27.2%,0.66,29.5%,51.3%,19.2%,6.1,4.3%,65.0,32%,57%,41%,2001,Houston Astros,No
13,.328,85,.291,.143,2.5%,14.5%,6.6%,24.0%,43.2%,26.5%,0.78,27.0%,51.3%,21.8%,-10.7,-1.3%,-85.9,32%,70%,40%,2001,Kansas City Royals,No
14,.332,99,.279,.170,3.3%,17.2%,8.4%,23.4%,40.6%,28.3%,0.71,28.7%,52.2%,19.1%,3.2,1.9%,26.4,31%,68%,41%,2001,Los Angeles Dodgers,No
15,.328,91,.299,.175,3.4%,22.8%,7.9%,25.9%,38.8%,27.7%,0.66,28.6%,50.9%,20.5%,-6.0,-2.5%,-9.1,30%,65%,38%,2001,Milwaukee Brewers,No
16,.342,100,.310,.161,2.7%,17.5%,8.0%,25.1%,43.6%,25.7%,0.79,28.0%,51.9%,20.2%,3.1,0.8%,-15.1,32%,69%,48%,2001,Minnesota Twins,No
17,.318,79,.291,.143,2.2%,17.8%,7.9%,24.2%,43.7%,25.0%,0.81,27.2%,53.1%,19.7%,-9.0,-2.9%,-88.9,30%,66%,39%,2001,Montreal Expos,No
18,.319,88,.283,.137,2.4%,17.3%,8.9%,22.8%,42.2%,28.1%,0.75,28.3%,51.4%,20.4%,-5.2,-2.5%,-99.2,27%,58%,41%,2001,New York Mets,No
19,.346,101,.293,.168,3.3%,16.6%,8.3%,24.0%,41.6%,28.5%,0.73,29.2%,50.4%,20.4%,1.2,2.2%,22.0,32%,75%,43%,2001,New York Yankees,No
20,.347,107,.288,.175,3.1%,16.0%,10.0%,24.1%,39.3%,29.0%,0.66,29.2%,51.0%,19.7%,8.5,4.2%,106.4,34%,70%,40%,2001,Oakland Athletics,Yes
21,.333,93,.297,.154,2.6%,18.1%,8.9%,24.4%,39.3%,28.2%,0.68,27.3%,50.6%,22.1%,2.1,-0.2%,6.4,31%,77%,39%,2001,Philadelphia Phillies,No
22,.316,78,.281,.146,2.7%,18.4%,7.8%,22.4%,42.2%,27.4%,0.76,28.1%,51.9%,20.0%,-8.1,-1.3%,-110.2,29%,56%,47%,2001,Pittsburgh Pirates,No
23,.334,101,.297,.147,2.6%,20.3%,10.8%,26.1%,38.5%,29.6%,0.64,25.1%,51.4%,23.5%,5.8,1.5%,58.8,32%,75%,43%,2001,San Diego Padres,No
24,.362,120,.320,.157,2.6%,15.3%,9.5%,26.2%,39.7%,27.2%,0.68,26.7%,51.1%,22.2%,17.0,4.3%,167.1,35%,81%,44%,2001,Seattle Mariners,No
25,.350,112,.290,.194,3.7%,17.0%,9.8%,24.2%,37.2%,30.3%,0.62,31.5%,51.3%,17.3%,3.8,3.3%,55.5,29%,58%,37%,2001,San Francisco Giants,No
26,.345,99,.302,.172,3.2%,17.6%,8.6%,24.5%,40.6%,27.0%,0.72,27.0%,52.8%,20.2%,3.2,3.0%,61.5,33%,72%,48%,2001,St. Louis Cardinals,Yes
27,.321,89,.303,.130,2.0%,18.3%,7.5%,24.9%,43.2%,24.9%,0.79,30.3%,50.0%,19.7%,-8.7,-1.1%,-102.6,30%,69%,41%,2001,Tampa Bay Devil Rays,No
28,.361,110,.300,.195,3.9%,17.1%,8.6%,25.0%,38.2%,30.8%,0.63,30.3%,50.5%,19.2%,4.2,0.4%,90.0,33%,75%,42%,2001,Texas Rangers,No
29,.337,94,.293,.167,3.1%,17.4%,7.5%,24.8%,40.2%,28.1%,0.69,30.7%,49.6%,19.7%,-6.3,-3.1%,-34.8,31%,74%,35%,2001,Toronto Blue Jays,No
0,.346,106,.303,.150,2.4%,12.7%,7.3%,28.5%,34.5%,29.5%,0.54,30.4%,49.9%,19.7%,5.3,4.4%,75.1,34%,70%,39%,2002,Anaheim Angels,Yes
1,.348,93,.298,.156,2.6%,16.1%,10.2%,27.8%,40.0%,24.5%,0.70,27.2%,53.2%,19.6%,5.5,3.9%,79.9,32%,67%,42%,2002,Arizona Diamondbacks,No
2,.335,91,.290,.150,2.6%,16.5%,9.0%,23.3%,42.8%,26.2%,0.79,27.7%,52.9%,19.3%,0.7,0.4%,-15.9,29%,66%,40%,2002,Atlanta Braves,No
3,.317,91,.271,.157,2.7%,16.3%,7.4%,25.6%,36.8%,28.8%,0.60,33.9%,48.7%,17.4%,-10.8,-1.4%,-105.3,29%,70%,40%,2002,Baltimore Orioles,No
4,.352,107,.302,.168,2.8%,14.9%,8.6%,27.7%,38.9%,26.9%,0.65,31.0%,50.4%,18.6%,3.5,0.7%,78.5,33%,74%,38%,2002,Boston Red Sox,No
5,.332,93,.283,.167,3.2%,20.3%,9.4%,27.5%,39.8%,24.8%,0.69,29.0%,51.3%,19.6%,-6.2,-1.8%,-9.5,28%,75%,37%,2002,Chicago Cubs,No
6,.350,107,.287,.181,3.5%,15.3%,8.9%,25.0%,36.9%,29.1%,0.61,31.4%,48.9%,19.7%,2.9,1.0%,86.3,34%,71%,40%,2002,Chicago White Sox,No
7,.334,88,.293,.155,2.7%,19.0%,9.3%,26.6%,39.2%,25.8%,0.68,28.1%,51.3%,20.6%,-3.3,-0.5%,-29.2,28%,69%,45%,2002,Cincinnati Reds,No
8,.328,98,.271,.163,3.2%,16.4%,8.9%,24.9%,40.5%,26.6%,0.70,30.8%,51.9%,17.3%,-0.2,-2.2%,-24.6,31%,58%,38%,2002,Cleveland Indians,No
9,.341,85,.311,.149,2.5%,16.9%,8.1%,27.9%,41.8%,23.0%,0.75,25.5%,54.2%,20.3%,0.4,-0.2%,19.1,33%,66%,48%,2002,Colorado Rockies,No
10,.302,85,.283,.132,2.1%,17.5%,6.1%,26.0%,38.2%,27.9%,0.64,28.6%,51.3%,20.1%,-14.1,-1.5%,-176.2,27%,60%,45%,2002,Detroit Tigers,No
11,.334,95,.301,.142,2.3%,18.0%,9.5%,26.6%,40.9%,24.1%,0.72,27.0%,52.4%,20.6%,-2.4,-0.3%,-14.9,28%,71%,39%,2002,Florida Marlins,No
12,.342,92,.300,.156,2.7%,17.9%,9.4%,28.2%,37.5%,26.6%,0.62,28.8%,51.1%,20.1%,-2.6,-2.5%,13.0,30%,72%,40%,2002,Houston Astros,No
13,.325,82,.282,.143,2.3%,14.8%,8.4%,26.8%,38.8%,26.5%,0.66,27.2%,53.0%,19.8%,-8.8,-1.5%,-83.2,32%,68%,47%,2002,Kansas City Royals,No
14,.330,98,.291,.146,2.5%,15.3%,7.0%,25.8%,41.4%,25.0%,0.75,26.0%,54.5%,19.5%,0.7,0.8%,18.9,31%,72%,43%,2002,Los Angeles Dodgers,No
15,.321,86,.294,.137,2.3%,18.5%,8.2%,26.3%,42.1%,23.9%,0.77,24.8%,53.8%,21.3%,-16.4,-2.2%,-91.9,27%,65%,39%,2002,Milwaukee Brewers,No
16,.339,103,.309,.165,2.7%,17.6%,7.6%,25.8%,41.8%,25.5%,0.74,27.2%,52.4%,20.4%,1.4,2.0%,-2.5,32%,56%,39%,2002,Minnesota Twins,No
17,.338,93,.298,.157,2.6%,17.7%,9.2%,26.5%,41.5%,23.6%,0.76,25.9%,53.5%,20.6%,2.5,0.9%,8.6,30%,65%,45%,2002,Montreal Expos,No
18,.328,92,.289,.139,2.6%,17.0%,7.9%,24.6%,40.4%,25.9%,0.72,29.0%,51.7%,19.2%,-7.7,-3.8%,-13.8,29%,67%,41%,2002,New York Mets,No
19,.360,115,.310,.180,3.5%,18.4%,10.0%,27.7%,39.0%,27.9%,0.65,29.8%,50.0%,20.2%,10.0,7.8%,128.3,32%,72%,44%,2002,New York Yankees,No
20,.343,106,.284,.171,3.3%,16.0%,9.7%,27.2%,37.9%,28.9%,0.62,29.0%,51.1%,19.8%,7.6,2.9%,37.5,30%,70%,41%,2002,Oakland Athletics,No
21,.343,105,.294,.163,2.6%,17.3%,10.1%,28.1%,37.1%,26.4%,0.62,27.9%,51.8%,20.3%,4.2,0.1%,13.0,28%,71%,42%,2002,Philadelphia Phillies,No
22,.318,80,.281,.137,2.4%,18.3%,8.9%,25.8%,38.3%,27.4%,0.65,27.9%,52.3%,19.7%,-7.2,-3.3%,-69.3,28%,64%,42%,2002,Pittsburgh Pirates,No
23,.320,95,.288,.129,2.2%,17.2%,8.9%,27.8%,39.4%,26.2%,0.67,27.0%,50.7%,22.3%,-3.7,-1.5%,-30.0,28%,62%,39%,2002,San Diego Padres,No
24,.345,108,.307,.144,2.4%,15.8%,9.9%,28.9%,39.4%,25.5%,0.67,25.3%,52.7%,22.0%,4.6,3.4%,52.9,31%,70%,39%,2002,Seattle Mariners,No
25,.353,113,.289,.175,3.1%,15.3%,9.8%,27.0%,36.3%,29.0%,0.59,29.8%,51.6%,18.5%,6.1,7.3%,94.3,30%,78%,38%,2002,San Francisco Giants,Yes
26,.343,102,.292,.157,2.8%,14.8%,8.7%,26.9%,38.9%,26.0%,0.68,29.7%,51.7%,18.7%,7.0,4.4%,77.9,32%,67%,44%,2002,St. Louis Cardinals,No
27,.317,88,.293,.137,2.2%,18.0%,7.4%,26.4%,40.6%,25.1%,0.71,28.2%,52.3%,19.5%,-9.4,-1.5%,-104.7,30%,69%,39%,2002,Tampa Bay Devil Rays,No
28,.351,104,.292,.187,3.6%,16.7%,8.8%,27.4%,35.7%,29.9%,0.57,28.6%,51.9%,19.6%,1.8,-0.5%,43.5,32%,65%,41%,2002,Texas Rangers,No
29,.338,96,.295,.169,3.0%,18.3%,8.4%,27.7%,38.1%,28.8%,0.62,28.7%,50.2%,21.1%,0.7,-0.1%,22.4,34%,80%,38%,2002,Toronto Blue Jays,No
0,.329,95,.291,.144,2.5%,13.7%,7.8%,19.8%,41.1%,28.0%,0.73,30.1%,49.3%,20.6%,-4.1,-0.7%,-32.5,31%,68%,43%,2003,Anaheim Angels,No
1,.333,83,.295,.153,2.4%,16.1%,8.5%,20.5%,44.4%,24.8%,0.84,29.7%,50.2%,20.1%,-11.1,-9.1%,-61.3,29%,67%,37%,2003,Arizona Diamondbacks,No
2,.366,113,.302,.192,3.7%,14.6%,8.5%,17.2%,44.0%,28.9%,0.82,31.1%,50.2%,18.7%,13.6,6.3%,165.2,34%,76%,42%,2003,Atlanta Braves,No
3,.328,93,.293,.138,2.4%,14.5%,6.9%,18.4%,42.8%,28.6%,0.77,31.8%,48.3%,19.9%,-6.5,0.0%,-44.9,31%,71%,43%,2003,Baltimore Orioles,No
4,.372,118,.307,.202,3.6%,14.4%,9.5%,17.0%,38.6%,34.1%,0.64,31.7%,47.4%,21.0%,13.5,14.0%,160.0,33%,72%,39%,2003,Boston Red Sox,Yes
5,.335,91,.297,.157,2.8%,18.7%,8.0%,19.1%,44.7%,26.4%,0.85,30.2%,50.0%,19.8%,-4.9,-1.1%,-28.7,30%,70%,36%,2003,Chicago Cubs,No
6,.344,101,.279,.182,3.6%,14.9%,8.4%,18.3%,39.7%,30.0%,0.68,32.8%,48.2%,19.0%,-3.1,-2.8%,8.2,31%,73%,39%,2003,Chicago White Sox,No
7,.323,89,.289,.150,2.9%,21.4%,8.4%,21.7%,42.5%,24.8%,0.78,28.1%,50.5%,21.4%,-1.2,1.3%,-41.4,28%,70%,44%,2003,Cincinnati Reds,No
8,.322,93,.286,.148,2.6%,17.2%,7.5%,17.7%,44.0%,28.2%,0.82,30.3%,49.9%,19.7%,-10.2,-2.2%,-86.0,30%,59%,45%,2003,Cleveland Indians,No
9,.355,94,.302,.179,3.2%,18.1%,9.9%,19.1%,44.5%,26.9%,0.84,28.9%,50.9%,20.2%,2.0,1.9%,67.2,34%,63%,47%,2003,Colorado Rockies,No
10,.302,82,.272,.135,2.5%,18.1%,7.3%,16.6%,44.3%,27.9%,0.87,31.3%,48.5%,20.2%,-22.7,-2.7%,-188.9,26%,61%,41%,2003,Detroit Tigers,No
11,.338,97,.296,.155,2.5%,15.8%,8.3%,17.9%,45.2%,25.2%,0.89,28.4%,50.9%,20.7%,-2.1,0.9%,12.5,31%,67%,40%,2003,Florida Marlins,Yes
12,.346,97,.289,.169,3.0%,16.2%,8.8%,15.8%,45.3%,28.5%,0.86,31.4%,49.7%,18.9%,-2.8,-4.5%,46.0,32%,69%,40%,2003,Houston Astros,No
13,.344,96,.301,.153,2.6%,14.8%,7.6%,18.9%,44.2%,27.3%,0.83,30.2%,49.2%,20.6%,3.4,1.6%,33.2,35%,74%,41%,2003,Kansas City Royals,No
14,.306,77,.275,.125,2.1%,16.3%,6.7%,18.2%,46.3%,23.9%,0.93,29.2%,50.7%,20.2%,-16.6,-11.4%,-159.3,26%,69%,38%,2003,Los Angeles Dodgers,No
15,.338,96,.294,.163,3.1%,19.5%,8.7%,19.4%,45.6%,25.1%,0.89,28.0%,50.7%,21.3%,-1.2,-1.1%,-37.1,28%,72%,36%,2003,Milwaukee Brewers,No
16,.344,103,.312,.154,2.5%,16.2%,8.1%,15.7%,47.0%,28.1%,0.92,31.3%,48.7%,20.0%,2.8,2.0%,11.5,32%,68%,44%,2003,Minnesota Twins,No
17,.329,82,.290,.143,2.4%,16.2%,8.5%,17.8%,49.4%,22.9%,1.03,26.9%,51.6%,21.5%,-3.4,-2.1%,-47.2,30%,72%,40%,2003,Montreal Expos,No
18,.315,80,.282,.128,2.1%,17.2%,8.1%,17.0%,46.4%,25.9%,0.93,29.0%,49.3%,21.7%,-10.5,-1.0%,-86.3,29%,69%,41%,2003,New York Mets,No
19,.362,117,.295,.182,3.6%,16.2%,10.6%,18.0%,44.8%,28.6%,0.83,30.8%,50.5%,18.7%,9.4,6.0%,108.7,31%,75%,43%,2003,New York Yankees,No
20,.332,95,.273,.162,2.8%,14.5%,9.0%,19.6%,42.9%,27.9%,0.76,29.8%,50.1%,20.2%,0.6,0.8%,-1.4,32%,77%,46%,2003,Oakland Athletics,No
21,.342,104,.301,.158,2.6%,18.2%,10.3%,22.1%,44.2%,25.0%,0.82,28.2%,50.2%,21.6%,2.5,3.0%,74.1,31%,71%,37%,2003,Philadelphia Phillies,No
22,.343,95,.302,.153,2.6%,16.6%,8.4%,17.3%,44.2%,27.1%,0.84,28.9%,51.4%,19.7%,-2.8,-2.7%,-0.5,30%,70%,39%,2003,Pittsburgh Pirates,No
23,.327,97,.301,.127,2.1%,17.2%,9.1%,19.3%,45.7%,26.0%,0.88,27.4%,49.9%,22.7%,-3.6,-0.9%,-42.0,28%,66%,39%,2003,San Diego Padres,No
24,.339,105,.306,.139,2.2%,15.8%,9.3%,18.9%,45.1%,28.1%,0.85,25.7%,50.9%,23.4%,2.3,-1.0%,36.6,32%,74%,39%,2003,Seattle Mariners,No
25,.341,98,.291,.161,2.9%,15.8%,9.6%,19.2%,42.3%,26.4%,0.78,30.3%,51.0%,18.8%,6.1,3.2%,23.0,30%,59%,37%,2003,San Francisco Giants,No
26,.358,112,.302,.175,3.0%,14.7%,9.0%,20.4%,42.1%,26.7%,0.77,29.3%,49.5%,21.2%,8.8,3.7%,128.5,33%,72%,41%,2003,St. Louis Cardinals,No
27,.324,93,.301,.139,2.2%,16.6%,6.8%,15.4%,46.2%,27.6%,0.90,29.5%,50.3%,20.3%,-8.6,-0.7%,-55.0,31%,77%,40%,2003,Tampa Bay Devil Rays,No
28,.348,96,.287,.188,3.8%,16.7%,7.8%,19.5%,39.4%,29.5%,0.66,32.7%,48.7%,18.6%,-2.0,-0.4%,6.8,31%,72%,42%,2003,Texas Rangers,No
29,.355,108,.313,.175,3.0%,17.0%,8.6%,20.6%,42.1%,30.2%,0.73,28.3%,49.1%,22.6%,8.5,3.0%,105.4,34%,60%,41%,2003,Toronto Blue Jays,No
0,.346,103,.312,.147,2.6%,15.0%,7.2%,18.9%,43.9%,27.2%,0.82,27.6%,54.1%,18.3%,2.2,3.8%,41.1,34%,76%,40%,2004,Anaheim Angels,No
1,.311,71,.286,.140,2.2%,16.7%,7.2%,18.4%,44.4%,26.6%,0.84,25.8%,54.5%,19.8%,-16.6,-1.0%,-164.8,27%,62%,42%,2004,Arizona Diamondbacks,No
2,.347,99,.309,.164,2.8%,18.3%,9.3%,17.7%,45.0%,27.3%,0.87,27.7%,51.5%,20.8%,6.1,2.0%,53.2,31%,73%,38%,2004,Atlanta Braves,No
3,.349,105,.309,.150,2.6%,14.8%,8.2%,19.0%,42.6%,28.5%,0.77,33.9%,47.3%,18.8%,-4.1,-1.4%,35.5,32%,71%,41%,2004,Baltimore Orioles,No
4,.368,111,.319,.190,3.4%,18.3%,10.1%,18.2%,40.8%,31.4%,0.70,32.4%,51.0%,16.6%,8.6,8.5%,127.1,33%,69%,34%,2004,Boston Red Sox,Yes
5,.348,99,.292,.190,3.7%,17.2%,7.8%,17.9%,41.9%,29.3%,0.76,29.1%,52.8%,18.1%,-1.3,-6.6%,25.5,31%,70%,41%,2004,Chicago Cubs,No
6,.350,102,.288,.189,3.9%,16.6%,8.1%,18.1%,40.3%,28.2%,0.71,27.2%,54.1%,18.7%,6.1,1.1%,64.3,34%,60%,45%,2004,Chicago White Sox,No
7,.335,95,.295,.168,3.1%,21.3%,9.5%,20.7%,43.9%,26.1%,0.82,26.4%,55.0%,18.6%,5.8,5.1%,10.0,29%,75%,38%,2004,Cincinnati Reds,No
8,.354,113,.305,.168,2.9%,15.6%,9.4%,17.2%,43.7%,29.2%,0.80,28.4%,53.8%,17.7%,4.1,1.2%,65.7,32%,63%,43%,2004,Cleveland Indians,No
9,.353,94,.314,.180,3.2%,18.7%,9.0%,18.8%,43.3%,26.8%,0.82,25.9%,54.2%,19.9%,2.0,0.5%,40.1,32%,57%,51%,2004,Colorado Rockies,No
10,.346,108,.308,.177,3.2%,18.2%,8.2%,19.1%,41.7%,28.6%,0.75,30.4%,52.2%,17.4%,-2.2,-1.3%,40.7,33%,63%,44%,2004,Detroit Tigers,No
11,.331,95,.295,.143,2.4%,15.7%,8.1%,17.9%,44.0%,26.2%,0.84,25.8%,53.4%,20.8%,0.7,0.3%,-13.4,30%,69%,42%,2004,Florida Marlins,No
12,.348,100,.293,.170,3.0%,15.9%,9.4%,18.0%,41.4%,29.0%,0.75,27.3%,53.4%,19.4%,4.8,3.3%,55.8,32%,75%,39%,2004,Houston Astros,Yes
13,.324,86,.293,.139,2.4%,17.2%,7.5%,18.3%,44.9%,26.6%,0.84,28.0%,53.8%,18.2%,-10.4,-0.2%,-84.4,31%,58%,41%,2004,Kansas City Royals,No
14,.339,100,.291,.161,3.3%,17.5%,8.6%,18.1%,44.6%,26.3%,0.85,26.7%,53.9%,19.4%,4.8,4.3%,23.5,30%,71%,42%,2004,Los Angeles Dodgers,No
15,.321,81,.300,.139,2.2%,21.2%,8.7%,21.1%,44.6%,24.6%,0.85,26.9%,53.4%,19.7%,-13.2,-4.1%,-119.1,27%,78%,36%,2004,Milwaukee Brewers,No
16,.339,93,.290,.166,3.0%,15.6%,8.2%,15.5%,45.7%,29.4%,0.87,29.4%,52.7%,17.9%,-3.1,-2.8%,-41.8,31%,72%,42%,2004,Minnesota Twins,No
17,.316,74,.273,.143,2.5%,15.1%,8.1%,18.0%,44.7%,25.5%,0.86,27.9%,53.2%,18.9%,-14.1,-3.8%,-140.0,28%,74%,41%,2004,Montreal Expos,No
18,.326,86,.282,.160,3.0%,18.7%,8.3%,16.8%,42.4%,29.8%,0.77,26.3%,53.7%,20.0%,-11.5,-4.0%,-70.5,28%,82%,36%,2004,New York Mets,No
19,.363,115,.285,.189,3.8%,15.4%,10.5%,17.6%,45.0%,28.6%,0.84,29.3%,54.5%,16.3%,13.4,6.0%,107.7,32%,72%,40%,2004,New York Yankees,No
20,.347,103,.300,.163,2.9%,16.4%,9.4%,20.3%,41.1%,28.1%,0.71,29.5%,52.4%,18.1%,0.6,-2.0%,-16.4,30%,68%,37%,2004,Oakland Athletics,No
21,.352,99,.297,.176,3.3%,17.6%,10.0%,20.0%,41.7%,28.1%,0.75,28.2%,52.7%,19.2%,5.1,-0.6%,60.4,31%,79%,40%,2004,Philadelphia Phillies,No
22,.323,85,.298,.141,2.3%,17.4%,6.8%,17.0%,48.1%,25.3%,0.98,27.2%,54.0%,18.8%,-7.0,-1.5%,-66.4,30%,61%,37%,2004,Pittsburgh Pirates,No
23,.338,106,.301,.141,2.2%,14.4%,9.0%,19.0%,43.3%,28.3%,0.79,26.6%,53.2%,20.1%,4.3,1.9%,52.1,31%,68%,41%,2004,San Diego Padres,No
24,.328,91,.308,.127,2.1%,16.6%,7.7%,17.4%,46.8%,26.1%,0.91,24.5%,55.7%,19.8%,-15.4,-3.4%,-111.4,28%,72%,37%,2004,Seattle Mariners,No
25,.349,104,.290,.168,2.8%,13.5%,10.9%,19.6%,43.1%,25.7%,0.80,28.6%,54.8%,16.6%,12.3,13.2%,96.5,31%,65%,37%,2004,San Francisco Giants,No
26,.355,108,.307,.182,3.4%,17.2%,8.7%,20.1%,42.2%,27.9%,0.77,26.3%,53.4%,20.3%,11.3,5.2%,118.5,33%,70%,45%,2004,St. Louis Cardinals,No
27,.326,90,.286,.147,2.4%,15.5%,7.7%,17.5%,44.1%,28.2%,0.81,29.1%,53.5%,17.3%,-6.4,-2.9%,-68.4,31%,76%,38%,2004,Tampa Bay Devil Rays,No
28,.346,94,.291,.191,3.6%,17.6%,8.0%,20.7%,38.5%,31.1%,0.64,28.3%,52.3%,19.4%,2.9,0.7%,36.4,34%,66%,44%,2004,Texas Rangers,No
29,.332,87,.298,.143,2.4%,17.5%,8.3%,18.7%,45.8%,26.8%,0.86,26.7%,53.0%,20.3%,-11.5,-2.3%,-92.8,30%,65%,39%,2004,Toronto Blue Jays,No
0,.337,92,.285,.165,3.0%,17.3%,9.6%,17.1%,44.6%,27.9%,0.85,30.3%,52.2%,17.5%,-4.6,-2.5%,-51.9,26%,72%,38%,2005,Arizona Diamondbacks,No
1,.344,98,.298,.170,3.0%,17.5%,8.6%,17.0%,43.5%,29.5%,0.82,26.9%,52.4%,20.7%,7.2,5.6%,40.9,31%,74%,41%,2005,Atlanta Braves,No
2,.338,102,.289,.165,3.1%,14.7%,7.3%,19.3%,42.3%,27.5%,0.76,34.2%,45.7%,20.1%,-2.9,0.1%,-23.1,29%,69%,39%,2005,Baltimore Orioles,No
3,.362,114,.310,.174,3.1%,16.3%,10.2%,18.4%,41.6%,31.6%,0.72,29.7%,51.7%,18.5%,16.6,16.6%,154.3,33%,79%,31%,2005,Boston Red Sox,Yes
4,.340,94,.291,.170,3.2%,14.9%,6.8%,17.8%,43.5%,26.9%,0.82,29.4%,51.3%,19.3%,-3.9,-1.3%,-38.9,28%,63%,40%,2005,Chicago Cubs,No
5,.331,93,.286,.163,3.3%,16.3%,7.1%,16.7%,43.0%,27.5%,0.79,29.0%,51.5%,19.5%,0.5,3.6%,-36.1,30%,67%,45%,2005,Chicago White Sox,No
6,.350,104,.302,.185,3.5%,20.6%,9.7%,20.6%,43.4%,27.1%,0.80,26.9%,55.0%,18.1%,5.5,-0.3%,88.3,31%,76%,40%,2005,Cincinnati Reds,No
7,.348,113,.302,.181,3.3%,17.5%,8.0%,17.8%,44.3%,28.9%,0.82,29.5%,54.5%,16.0%,1.1,-1.5%,50.0,31%,63%,42%,2005,Cleveland Indians,No
8,.339,86,.307,.144,2.4%,17.7%,8.2%,20.1%,43.1%,25.8%,0.80,25.0%,54.5%,20.5%,-5.5,-0.3%,-22.8,31%,67%,43%,2005,Colorado Rockies,No
9,.332,99,.304,.157,2.7%,16.9%,6.3%,18.2%,44.0%,27.9%,0.82,27.3%,52.8%,20.0%,-6.3,-1.3%,-25.3,31%,70%,36%,2005,Detroit Tigers,No
10,.335,100,.304,.137,2.1%,14.8%,8.2%,19.2%,42.8%,25.8%,0.80,26.4%,53.8%,19.8%,-1.1,-2.9%,8.7,30%,72%,36%,2005,Florida Marlins,No
11,.330,88,.288,.152,2.6%,16.9%,7.8%,15.3%,42.9%,28.7%,0.80,29.2%,52.8%,18.0%,-7.5,-2.2%,-37.1,29%,72%,36%,2005,Houston Astros,Yes
12,.320,90,.298,.134,2.1%,16.6%,7.0%,18.2%,44.1%,27.5%,0.82,25.4%,54.7%,19.9%,-7.5,-1.5%,-52.1,31%,62%,42%,2005,Kansas City Royals,No
13,.329,96,.294,.139,2.4%,13.7%,7.2%,16.8%,42.2%,30.5%,0.76,27.4%,53.8%,18.8%,1.3,0.9%,7.9,33%,74%,43%,2005,Los Angeles Angels of Anaheim,No
14,.326,90,.290,.142,2.4%,17.8%,8.8%,19.1%,43.1%,27.2%,0.79,27.9%,53.7%,18.5%,-4.2,-1.0%,-39.8,29%,62%,35%,2005,Los Angeles Dodgers,No
15,.338,96,.298,.163,2.8%,18.9%,8.6%,20.1%,42.4%,27.4%,0.77,26.1%,53.5%,20.4%,-1.1,-2.3%,-2.2,30%,70%,41%,2005,Milwaukee Brewers,No
16,.320,86,.291,.132,2.2%,15.8%,7.8%,16.3%,49.1%,25.4%,1.01,24.7%,54.6%,20.7%,-8.1,-5.0%,-81.5,29%,70%,35%,2005,Minnesota Twins,No
17,.335,95,.290,.158,2.9%,17.5%,7.9%,16.6%,44.3%,28.3%,0.84,26.4%,55.7%,18.0%,-0.8,-2.3%,8.6,31%,79%,41%,2005,New York Mets,No
18,.361,119,.297,.174,3.6%,15.4%,9.9%,16.5%,46.4%,28.4%,0.89,30.2%,53.5%,16.3%,15.0,16.2%,150.9,31%,76%,41%,2005,New York Yankees,No
19,.332,97,.281,.145,2.5%,13.1%,8.6%,18.7%,42.8%,29.1%,0.76,28.1%,53.0%,18.9%,-1.3,-4.7%,15.5,32%,58%,44%,2005,Oakland Athletics,No
20,.348,96,.306,.154,2.6%,17.1%,10.1%,20.9%,40.7%,27.5%,0.72,28.4%,53.7%,17.9%,2.0,0.8%,70.8,31%,81%,37%,2005,Philadelphia Phillies,No
21,.330,91,.297,.141,2.2%,17.6%,7.6%,17.8%,44.9%,28.1%,0.85,28.0%,54.4%,17.5%,-9.1,-3.1%,-50.7,29%,71%,37%,2005,Pittsburgh Pirates,No
22,.329,99,.289,.134,2.1%,15.6%,9.6%,19.3%,41.3%,27.7%,0.74,29.4%,51.8%,18.8%,-2.2,0.5%,-20.5,28%,69%,37%,2005,San Diego Padres,No
23,.318,92,.289,.136,2.1%,16.2%,7.7%,18.5%,45.0%,26.7%,0.85,24.8%,55.5%,19.7%,-6.7,-1.4%,-37.1,31%,68%,41%,2005,Seattle Mariners,No
24,.323,84,.290,.135,2.1%,14.8%,7.1%,18.9%,42.9%,26.7%,0.80,28.6%,54.8%,16.7%,-5.0,-0.2%,-87.2,29%,67%,40%,2005,San Francisco Giants,No
25,.344,99,.297,.153,2.7%,15.2%,8.6%,19.5%,44.7%,26.0%,0.85,27.6%,52.4%,19.9%,6.6,2.5%,75.2,33%,70%,41%,2005,St. Louis Cardinals,No
26,.335,100,.306,.151,2.6%,16.2%,6.7%,18.5%,43.1%,28.5%,0.79,28.5%,52.5%,19.0%,0.8,-0.5%,4.1,32%,76%,44%,2005,Tampa Bay Devil Rays,No
27,.352,105,.290,.201,4.1%,17.7%,7.9%,19.5%,39.8%,31.1%,0.67,29.1%,52.6%,18.3%,4.4,1.8%,90.2,33%,82%,41%,2005,Texas Rangers,No
28,.331,94,.296,.142,2.2%,15.3%,7.8%,19.3%,44.9%,26.4%,0.83,28.3%,52.5%,19.2%,-5.7,-3.8%,6.0,33%,67%,39%,2005,Toronto Blue Jays,No
29,.317,87,.293,.134,1.9%,17.8%,8.0%,18.9%,44.5%,25.6%,0.85,25.5%,55.2%,19.3%,-9.2,-9.9%,-81.9,28%,50%,42%,2005,Washington Nationals,No
0,.337,87,.294,.157,2.5%,15.2%,8.0%,18.1%,43.3%,27.9%,0.79,27.1%,54.7%,18.2%,-8.1,-5.5%,-37.4,32%,72%,41%,2006,Arizona Diamondbacks,No
1,.349,101,.304,.184,3.5%,18.6%,8.4%,19.0%,42.3%,29.5%,0.77,26.7%,52.7%,20.7%,3.8,0.0%,73.5,33%,60%,42%,2006,Atlanta Braves,No
2,.344,99,.302,.146,2.6%,14.1%,7.6%,19.3%,44.0%,27.0%,0.82,32.0%,47.0%,21.0%,-2.4,-0.1%,-16.4,30%,79%,37%,2006,Baltimore Orioles,No
3,.351,99,.298,.166,3.0%,16.4%,10.4%,19.4%,39.8%,30.7%,0.68,32.1%,50.2%,17.6%,4.3,5.0%,10.7,30%,69%,35%,2006,Boston Red Sox,No
4,.332,86,.294,.154,2.7%,15.1%,6.4%,17.7%,46.2%,25.4%,0.92,24.6%,56.4%,19.0%,-8.1,-2.2%,-77.9,31%,71%,41%,2006,Chicago Cubs,No
5,.356,104,.305,.184,3.7%,16.7%,8.0%,17.7%,41.7%,30.5%,0.74,27.9%,53.6%,18.5%,5.8,2.6%,61.3,32%,66%,34%,2006,Chicago White Sox,No
6,.340,90,.290,.175,3.5%,18.9%,9.8%,19.9%,42.6%,26.9%,0.78,27.7%,54.7%,17.6%,-0.1,-1.8%,-46.5,28%,79%,40%,2006,Cincinnati Reds,No
7,.355,108,.324,.177,3.1%,19.1%,8.8%,19.7%,41.9%,30.0%,0.74,27.1%,54.0%,19.0%,4.0,1.2%,88.9,34%,71%,38%,2006,Cleveland Indians,No
8,.343,88,.310,.163,2.5%,17.5%,8.8%,20.1%,42.2%,27.5%,0.78,25.5%,53.8%,20.7%,-6.3,-8.6%,-2.5,33%,63%,43%,2006,Colorado Rockies,No
9,.345,100,.310,.174,3.3%,18.3%,6.9%,18.2%,42.1%,30.6%,0.75,27.4%,52.2%,20.4%,0.6,2.1%,30.6,33%,60%,44%,2006,Detroit Tigers,Yes
10,.338,99,.309,.171,2.9%,20.2%,8.0%,17.9%,42.9%,28.2%,0.80,27.8%,52.6%,19.6%,1.3,-0.2%,3.9,31%,65%,41%,2006,Florida Marlins,No
11,.329,87,.286,.154,2.8%,17.0%,9.3%,16.2%,42.3%,29.3%,0.78,26.8%,53.8%,19.4%,-7.2,-7.7%,-59.3,29%,69%,44%,2006,Houston Astros,No
12,.331,89,.311,.140,2.0%,16.7%,7.6%,18.6%,47.1%,25.0%,0.93,24.8%,55.0%,20.2%,-2.2,-1.1%,-44.7,32%,66%,42%,2006,Kansas City Royals,No
13,.337,93,.301,.150,2.6%,14.7%,7.8%,17.4%,43.8%,29.9%,0.80,27.9%,54.1%,18.0%,-3.0,-3.0%,-29.0,31%,72%,49%,2006,Los Angeles Angels of Anaheim,No
14,.348,99,.307,.157,2.4%,15.0%,9.4%,18.4%,43.9%,28.3%,0.82,27.3%,54.1%,18.5%,0.2,2.1%,32.1,32%,72%,39%,2006,Los Angeles Dodgers,Yes
15,.332,89,.300,.162,2.9%,20.1%,8.2%,19.7%,42.2%,27.9%,0.76,25.9%,54.9%,19.2%,-1.4,-0.7%,-43.3,30%,66%,43%,2006,Milwaukee Brewers,No
16,.344,101,.316,.138,2.3%,14.0%,7.9%,18.8%,46.8%,25.9%,0.91,24.8%,55.0%,20.3%,2.6,1.6%,21.3,32%,71%,41%,2006,Minnesota Twins,No
17,.346,99,.293,.181,3.2%,17.0%,8.7%,17.6%,42.5%,28.8%,0.78,27.1%,54.2%,18.7%,7.7,2.7%,63.3,34%,81%,41%,2006,New York Mets,No
18,.368,113,.315,.177,3.3%,16.3%,10.1%,18.5%,45.4%,27.6%,0.85,27.4%,53.7%,18.9%,12.5,10.0%,140.1,33%,80%,37%,2006,New York Yankees,No
19,.339,98,.285,.152,2.8%,15.5%,10.4%,19.3%,42.8%,28.3%,0.76,26.7%,54.2%,19.1%,2.7,1.2%,-10.2,30%,75%,35%,2006,Oakland Athletics,No
20,.353,99,.302,.180,3.3%,18.5%,9.6%,19.2%,42.7%,28.2%,0.77,30.5%,51.8%,17.7%,4.1,2.7%,65.7,31%,79%,43%,2006,Philadelphia Phillies,No
21,.325,86,.310,.134,2.3%,19.3%,7.4%,19.4%,43.7%,26.9%,0.81,26.6%,54.5%,18.9%,-12.7,-1.6%,-84.4,29%,75%,37%,2006,Pittsburgh Pirates,No
22,.336,100,.299,.154,2.6%,17.6%,9.0%,18.4%,41.5%,30.4%,0.74,27.4%,52.4%,20.2%,-2.1,-1.3%,-23.3,29%,80%,41%,2006,San Diego Padres,No
23,.336,96,.300,.153,2.8%,15.7%,6.5%,18.3%,44.9%,26.9%,0.84,28.5%,53.0%,18.5%,-6.5,-4.9%,-30.3,32%,74%,40%,2006,Seattle Mariners,No
24,.330,88,.282,.163,2.7%,14.5%,8.1%,17.2%,42.8%,28.3%,0.78,29.7%,55.9%,14.4%,-2.8,-1.7%,-26.6,31%,70%,35%,2006,San Francisco Giants,No
25,.339,96,.292,.163,3.0%,14.8%,8.5%,20.0%,44.0%,25.7%,0.82,28.9%,53.3%,17.8%,1.6,3.8%,11.9,31%,65%,43%,2006,St. Louis Cardinals,No
26,.325,86,.285,.165,3.2%,18.3%,7.3%,17.4%,43.1%,28.6%,0.79,29.1%,52.8%,18.1%,-11.9,-0.6%,-99.5,29%,72%,40%,2006,Tampa Bay Devil Rays,No
27,.348,101,.311,.168,2.9%,16.9%,8.1%,18.9%,42.7%,28.8%,0.76,28.6%,52.3%,19.0%,1.0,2.1%,40.5,33%,69%,38%,2006,Texas Rangers,No
28,.356,108,.306,.179,3.2%,14.5%,8.2%,19.9%,42.4%,29.4%,0.75,25.8%,55.9%,18.3%,2.9,2.3%,23.1,31%,66%,39%,2006,Toronto Blue Jays,No
29,.334,98,.301,.156,2.6%,18.4%,9.5%,20.1%,42.2%,27.1%,0.77,26.6%,53.3%,20.1%,2.7,-1.0%,-12.7,30%,66%,44%,2006,Washington Nationals,No
0,.329,79,.282,.163,2.8%,18.2%,8.7%,18.1%,40.9%,29.1%,0.72,26.8%,57.2%,16.0%,-3.3,-0.4%,-66.4,30%,82%,41%,2007,Arizona Diamondbacks,No
1,.345,102,.314,.160,2.8%,18.0%,8.4%,16.6%,43.6%,30.8%,0.80,27.1%,55.7%,17.2%,1.2,-0.1%,55.4,32%,68%,38%,2007,Atlanta Braves,No
2,.338,94,.302,.141,2.3%,15.0%,8.0%,17.7%,43.7%,28.8%,0.80,29.7%,49.6%,20.7%,-5.4,-2.4%,-39.2,31%,77%,36%,2007,Baltimore Orioles,No
3,.363,107,.315,.165,2.6%,16.2%,10.7%,19.2%,41.7%,30.3%,0.74,28.6%,55.5%,16.0%,0.3,1.6%,65.9,32%,80%,34%,2007,Boston Red Sox,No
4,.339,91,.308,.150,2.4%,16.8%,8.0%,19.7%,44.5%,26.9%,0.83,25.1%,57.1%,17.8%,-3.6,-1.3%,-23.6,31%,72%,40%,2007,Chicago Cubs,No
5,.326,84,.278,.158,3.1%,18.8%,8.7%,18.1%,43.3%,27.6%,0.80,27.5%,56.3%,16.3%,-9.2,-2.5%,-109.3,29%,63%,40%,2007,Chicago White Sox,No
6,.344,93,.298,.170,3.2%,17.6%,8.5%,19.5%,41.0%,27.9%,0.73,24.7%,59.3%,16.1%,-1.9,-2.1%,4.3,30%,76%,39%,2007,Cincinnati Reds,No
7,.345,101,.310,.159,2.8%,18.9%,9.3%,18.7%,41.5%,31.5%,0.73,27.3%,56.1%,16.6%,1.9,-0.5%,16.7,31%,64%,41%,2007,Cleveland Indians,No
8,.353,98,.322,.158,2.6%,17.7%,9.6%,22.1%,42.0%,26.1%,0.77,22.9%,59.5%,17.6%,7.6,9.2%,66.0,32%,76%,45%,2007,Colorado Rockies,Yes
9,.358,108,.323,.171,2.8%,16.6%,7.5%,20.3%,42.0%,28.5%,0.74,28.7%,55.4%,15.9%,4.6,3.0%,89.9,35%,77%,40%,2007,Detroit Tigers,No
10,.348,104,.315,.181,3.2%,21.0%,8.2%,19.9%,39.7%,28.7%,0.69,27.7%,55.6%,16.7%,2.8,0.3%,39.8,30%,76%,34%,2007,Florida Marlins,No
11,.331,90,.291,.152,2.6%,16.5%,8.7%,17.6%,43.0%,27.6%,0.79,24.2%,59.0%,16.9%,-8.1,-3.6%,-54.0,29%,66%,35%,2007,Houston Astros,No
12,.322,86,.305,.126,1.7%,17.4%,7.0%,18.8%,46.9%,25.6%,0.92,23.0%,58.2%,18.8%,-11.8,-2.0%,-88.7,32%,64%,44%,2007,Kansas City Royals,No
13,.343,99,.315,.133,2.0%,14.3%,8.2%,17.3%,46.7%,26.7%,0.91,26.3%,57.8%,15.9%,4.3,3.9%,38.9,35%,72%,45%,2007,Los Angeles Angels of Anaheim,No
14,.332,89,.303,.131,2.1%,13.8%,8.1%,18.3%,45.4%,26.2%,0.88,23.5%,59.8%,16.6%,-5.0,-5.2%,-31.4,30%,73%,41%,2007,Los Angeles Dodgers,No
15,.346,100,.289,.194,3.7%,18.2%,8.0%,18.6%,41.1%,29.5%,0.73,27.3%,55.6%,17.2%,1.7,0.0%,40.4,32%,75%,39%,2007,Milwaukee Brewers,No
16,.329,94,.291,.127,1.9%,13.6%,8.3%,15.4%,49.5%,26.6%,1.02,23.7%,58.7%,17.6%,-8.3,-5.1%,-51.0,31%,79%,44%,2007,Minnesota Twins,No
17,.348,101,.303,.157,2.8%,15.5%,8.7%,19.2%,43.7%,26.0%,0.83,26.4%,57.1%,16.5%,5.0,5.2%,52.6,32%,81%,41%,2007,New York Mets,No
18,.373,120,.318,.174,3.1%,15.2%,9.8%,20.3%,45.5%,26.6%,0.86,25.9%,57.9%,16.1%,11.3,8.2%,175.0,35%,75%,43%,2007,New York Yankees,Yes
19,.338,103,.290,.151,2.7%,17.6%,10.4%,20.6%,40.9%,28.4%,0.70,26.2%,57.6%,16.2%,-5.8,-4.8%,-30.5,29%,72%,39%,2007,Oakland Athletics,No
20,.364,106,.311,.184,3.3%,18.4%,9.8%,19.0%,40.5%,30.2%,0.71,28.2%,54.5%,17.3%,10.3,10.6%,121.0,32%,88%,39%,2007,Philadelphia Phillies,No
21,.328,90,.303,.149,2.4%,18.3%,7.5%,19.3%,41.7%,28.8%,0.75,26.0%,56.8%,17.2%,-7.8,-4.0%,-33.5,31%,69%,39%,2007,Pittsburgh Pirates,No
22,.325,97,.291,.160,2.7%,19.4%,8.8%,19.9%,39.5%,31.2%,0.68,27.3%,57.3%,15.4%,-3.0,1.6%,1.1,31%,70%,43%,2007,San Diego Padres,No
23,.345,105,.313,.138,2.5%,13.9%,6.3%,18.9%,47.3%,25.2%,0.92,26.4%,57.4%,16.2%,5.3,2.2%,29.8,32%,73%,38%,2007,Seattle Mariners,No
24,.318,78,.281,.133,2.1%,14.6%,8.6%,17.3%,44.3%,27.2%,0.84,26.1%,58.2%,15.7%,-11.1,-3.4%,-90.5,29%,78%,40%,2007,San Francisco Giants,No
25,.334,93,.303,.132,2.3%,14.6%,8.2%,19.7%,43.3%,27.1%,0.80,26.7%,54.9%,18.5%,-2.2,-1.6%,-29.5,30%,63%,40%,2007,St. Louis Cardinals,No
26,.346,103,.318,.165,3.0%,21.1%,8.7%,20.4%,42.5%,28.4%,0.75,29.6%,53.0%,17.5%,-1.5,0.7%,-3.2,31%,73%,41%,2007,Tampa Bay Devil Rays,No
27,.341,97,.305,.163,2.9%,19.7%,8.1%,21.4%,40.6%,27.9%,0.72,26.1%,55.5%,18.4%,0.4,-1.2%,29.1,34%,78%,46%,2007,Texas Rangers,No
28,.335,94,.290,.160,2.7%,16.9%,8.6%,21.0%,40.3%,28.7%,0.69,25.4%,59.3%,15.3%,-4.2,-2.1%,-37.3,31%,72%,35%,2007,Toronto Blue Jays,No
29,.322,88,.300,.134,2.0%,18.2%,8.5%,20.0%,45.3%,24.8%,0.87,24.2%,58.2%,17.5%,-7.2,-2.7%,-68.3,29%,75%,39%,2007,Washington Nationals,No
0,.331,84,.299,.164,2.6%,20.9%,9.5%,19.1%,38.9%,31.0%,0.66,26.2%,56.3%,17.4%,-2.3,-4.0%,-32.3,30%,72%,40%,2008,Arizona Diamondbacks,No
1,.341,101,.309,.138,2.0%,16.1%,9.7%,18.0%,43.5%,28.8%,0.81,25.1%,57.0%,17.8%,-3.4,-2.8%,25.1,30%,68%,39%,2008,Atlanta Braves,No
2,.342,100,.296,.162,2.8%,15.9%,8.6%,18.6%,42.4%,29.4%,0.75,25.9%,57.2%,16.9%,-0.8,-0.5%,16.5,32%,69%,40%,2008,Baltimore Orioles,No
3,.361,107,.315,.168,2.7%,16.7%,10.1%,18.8%,40.8%,31.2%,0.71,29.7%,54.8%,15.5%,4.5,4.6%,61.4,31%,77%,34%,2008,Boston Red Sox,Yes
4,.356,102,.321,.165,2.9%,18.6%,10.0%,19.1%,42.0%,30.4%,0.76,24.4%,57.1%,18.5%,8.2,5.2%,107.6,32%,72%,37%,2008,Chicago Cubs,No
5,.347,101,.281,.185,3.8%,16.3%,8.7%,18.0%,39.9%,30.9%,0.68,29.3%,55.5%,15.2%,-2.2,-4.5%,26.5,31%,66%,36%,2008,Chicago White Sox,No
6,.327,86,.278,.161,3.0%,18.2%,9.1%,19.0%,43.1%,26.2%,0.81,27.0%,57.5%,15.5%,-1.8,-0.3%,-37.2,29%,64%,36%,2008,Cincinnati Reds,No
7,.344,104,.305,.162,2.7%,19.3%,8.9%,18.1%,40.2%,32.5%,0.69,31.8%,52.9%,15.3%,0.6,-3.6%,48.1,32%,73%,42%,2008,Cleveland Indians,No
8,.343,89,.308,.152,2.5%,19.2%,9.0%,20.4%,41.8%,28.0%,0.76,24.6%,58.9%,16.5%,-3.4,-2.1%,-20.4,30%,79%,46%,2008,Colorado Rockies,No
9,.350,105,.301,.173,3.2%,17.0%,9.0%,19.8%,43.1%,27.5%,0.77,28.0%,55.8%,16.2%,2.4,-0.3%,45.3,32%,67%,38%,2008,Detroit Tigers,No
10,.338,95,.300,.179,3.4%,22.1%,8.8%,19.5%,41.2%,28.5%,0.73,29.7%,54.7%,15.6%,7.5,3.6%,40.0,31%,73%,36%,2008,Florida Marlins,No
11,.329,93,.296,.152,2.8%,17.4%,7.4%,15.4%,44.9%,29.2%,0.86,25.8%,57.1%,17.2%,5.0,0.6%,-3.6,31%,69%,38%,2008,Houston Astros,No
12,.323,90,.307,.128,2.0%,16.4%,6.4%,18.9%,46.0%,26.1%,0.89,20.8%,62.1%,17.0%,-8.5,-4.0%,-74.0,31%,68%,42%,2008,Kansas City Royals,No
13,.335,93,.299,.145,2.6%,16.0%,7.8%,16.1%,46.1%,28.2%,0.88,26.8%,56.5%,16.7%,4.5,0.4%,-0.2,32%,73%,42%,2008,Los Angeles Angels of Anaheim,No
14,.331,92,.301,.134,2.2%,16.7%,8.8%,18.2%,46.2%,27.4%,0.90,24.2%,58.6%,17.2%,-3.3,0.0%,-29.6,29%,75%,44%,2008,Los Angeles Dodgers,No
15,.341,100,.287,.179,3.2%,19.2%,8.8%,16.6%,41.5%,30.4%,0.74,29.6%,54.0%,16.4%,5.4,4.5%,17.6,30%,74%,43%,2008,Milwaukee Brewers,Yes
16,.337,102,.316,.129,1.8%,15.5%,8.4%,16.5%,45.1%,27.9%,0.88,23.4%,57.8%,18.8%,4.2,-3.4%,73.1,35%,71%,42%,2008,Minnesota Twins,No
17,.344,101,.296,.154,2.7%,16.0%,9.7%,21.0%,45.7%,23.6%,0.89,26.2%,58.7%,15.1%,7.1,8.5%,63.9,32%,79%,37%,2008,New York Mets,No
18,.348,101,.302,.156,2.9%,16.2%,8.6%,20.8%,45.6%,25.9%,0.85,25.5%,58.4%,16.2%,-0.1,-1.7%,18.3,31%,75%,39%,2008,New York Yankees,No
19,.316,88,.289,.127,2.0%,20.0%,9.4%,18.7%,40.9%,28.6%,0.71,24.7%,57.7%,17.6%,-10.9,-5.8%,-96.6,28%,81%,39%,2008,Oakland Athletics,No
20,.346,97,.283,.182,3.4%,17.8%,9.3%,18.8%,41.6%,28.3%,0.75,30.5%,54.1%,15.4%,3.9,5.1%,62.4,31%,84%,41%,2008,Philadelphia Phillies,No
21,.326,92,.290,.145,2.4%,16.6%,7.6%,19.2%,41.6%,29.4%,0.75,27.5%,56.5%,15.9%,-0.5,0.9%,-0.3,31%,75%,41%,2008,Pittsburgh Pirates,No
22,.318,97,.294,.140,2.5%,20.2%,8.3%,20.3%,42.1%,28.3%,0.75,25.8%,58.2%,16.0%,-12.3,-3.7%,-72.6,26%,68%,37%,2008,San Diego Padres,No
23,.322,91,.294,.124,2.0%,14.4%,6.8%,20.0%,45.6%,24.5%,0.86,26.1%,57.5%,16.4%,-9.3,-1.8%,-82.3,29%,74%,37%,2008,Seattle Mariners,No
24,.320,81,.305,.120,1.5%,17.0%,7.4%,18.1%,47.3%,25.9%,0.94,24.5%,59.3%,16.2%,-8.3,-3.8%,-104.2,29%,70%,40%,2008,San Francisco Giants,No
25,.349,106,.312,.152,2.7%,15.5%,9.1%,20.9%,43.5%,25.9%,0.80,24.4%,58.4%,17.2%,5.9,3.9%,46.1,29%,70%,38%,2008,St. Louis Cardinals,No
26,.347,103,.302,.162,2.9%,19.4%,9.9%,21.6%,43.0%,26.9%,0.78,27.1%,55.4%,17.5%,2.4,0.3%,8.5,30%,74%,40%,2008,Tampa Bay Rays,No
27,.364,115,.325,.179,3.0%,18.6%,9.2%,22.5%,40.7%,29.2%,0.71,25.7%,55.2%,19.1%,9.5,3.8%,133.6,34%,76%,44%,2008,Texas Rangers,No
28,.332,96,.295,.135,2.0%,15.2%,8.4%,19.1%,43.6%,28.3%,0.79,24.3%,59.9%,15.8%,-7.6,-4.6%,-42.5,30%,75%,37%,2008,Toronto Blue Jays,No
29,.320,86,.292,.122,1.9%,17.7%,8.6%,19.0%,46.5%,24.5%,0.92,26.0%,57.3%,16.7%,-10.8,-2.1%,-92.9,28%,65%,36%,2008,Washington Nationals,No
0,.334,89,.299,.165,2.8%,20.7%,9.1%,17.5%,41.9%,29.6%,0.75,24.3%,58.5%,17.1%,-6.2,-2.2%,-19.7,29%,72%,42%,2009,Arizona Diamondbacks,No
1,.337,97,.300,.142,2.4%,16.8%,9.5%,17.9%,42.3%,30.4%,0.78,27.3%,54.8%,17.9%,-3.0,-1.5%,12.5,29%,69%,38%,2009,Atlanta Braves,No
2,.333,93,.300,.147,2.6%,16.3%,8.3%,18.7%,44.4%,28.3%,0.81,26.7%,55.5%,17.8%,-8.5,-0.9%,-42.5,30%,67%,36%,2009,Baltimore Orioles,No
3,.361,108,.301,.184,3.3%,17.7%,10.4%,18.0%,39.4%,33.9%,0.66,30.0%,54.0%,16.1%,6.0,3.9%,89.5,32%,76%,35%,2009,Boston Red Sox,Yes
4,.335,88,.296,.152,2.6%,19.0%,9.5%,18.2%,42.6%,29.7%,0.78,25.6%,58.0%,16.4%,-6.0,-4.2%,-32.3,29%,62%,36%,2009,Chicago Cubs,No
5,.331,87,.285,.153,3.0%,16.7%,8.7%,17.7%,42.9%,29.7%,0.77,27.1%,57.3%,15.6%,-8.0,-5.5%,-65.0,29%,70%,38%,2009,Chicago White Sox,No
6,.323,85,.282,.147,2.6%,18.3%,8.6%,18.1%,42.3%,27.4%,0.79,25.1%,58.2%,16.7%,-7.1,-3.6%,-55.4,29%,71%,41%,2009,Cincinnati Reds,No
7,.341,105,.308,.153,2.6%,19.2%,9.2%,19.7%,43.7%,28.4%,0.80,28.8%,54.3%,16.9%,-4.7,-0.3%,9.3,31%,73%,38%,2009,Cleveland Indians,No
8,.351,95,.305,.180,3.0%,20.5%,10.6%,19.7%,40.2%,29.4%,0.71,26.4%,56.8%,16.8%,2.5,2.0%,53.4,31%,66%,47%,2009,Colorado Rockies,Yes
9,.334,93,.294,.156,2.9%,17.9%,8.7%,20.2%,41.7%,27.1%,0.75,28.3%,54.8%,16.9%,-1.6,-3.0%,-35.0,29%,69%,37%,2009,Detroit Tigers,No
10,.342,97,.316,.148,2.5%,19.4%,9.0%,19.9%,41.9%,27.5%,0.76,25.8%,57.8%,16.5%,7.2,3.1%,48.8,31%,68%,38%,2009,Florida Marlins,No
11,.324,88,.293,.140,2.4%,16.4%,7.4%,16.5%,46.8%,26.8%,0.93,24.9%,57.6%,17.5%,-2.2,-0.2%,-66.1,28%,72%,38%,2009,Houston Astros,No
12,.325,90,.298,.146,2.4%,17.9%,7.5%,17.6%,45.6%,28.2%,0.87,22.4%,61.7%,15.9%,-8.9,-2.0%,-79.1,30%,75%,38%,2009,Kansas City Royals,No
13,.354,110,.322,.156,2.7%,16.7%,8.7%,17.2%,43.7%,29.8%,0.81,24.7%,58.7%,16.6%,11.8,9.8%,118.2,35%,70%,48%,2009,Los Angeles Angels of Anaheim,No
14,.344,106,.309,.141,2.3%,16.7%,9.5%,20.0%,44.7%,26.6%,0.86,23.6%,58.6%,17.8%,4.7,3.8%,70.0,31%,71%,44%,2009,Los Angeles Dodgers,No
15,.345,104,.305,.164,2.9%,19.6%,9.7%,18.4%,43.1%,28.8%,0.79,26.4%,57.2%,16.4%,8.2,3.5%,75.2,31%,65%,34%,2009,Milwaukee Brewers,No
16,.345,104,.306,.155,2.7%,16.1%,9.2%,16.5%,45.1%,28.6%,0.86,23.6%,58.6%,17.9%,2.8,7.3%,44.5,31%,73%,42%,2009,Minnesota Twins,No
17,.333,95,.307,.124,1.5%,15.1%,8.5%,20.4%,45.8%,23.9%,0.90,24.8%,56.7%,18.5%,-4.1,-1.2%,-37.0,30%,73%,40%,2009,New York Mets,No
18,.373,116,.306,.194,3.8%,15.7%,10.3%,20.3%,43.2%,28.4%,0.78,27.1%,56.2%,16.7%,12.6,6.8%,127.0,31%,80%,41%,2009,New York Yankees,No
19,.329,92,.298,.135,2.2%,16.7%,8.4%,20.1%,41.4%,28.5%,0.72,23.9%,57.3%,18.8%,-6.7,-3.5%,-15.5,32%,73%,39%,2009,Oakland Athletics,No
20,.352,104,.286,.189,3.5%,18.2%,9.3%,19.4%,40.1%,31.0%,0.69,29.8%,55.6%,14.6%,12.3,8.8%,100.0,32%,81%,39%,2009,Philadelphia Phillies,No
21,.321,85,.296,.135,2.1%,18.9%,8.2%,17.3%,44.6%,28.1%,0.84,26.6%,57.3%,16.1%,-8.3,-1.8%,-73.5,29%,74%,38%,2009,Pittsburgh Pirates,No
22,.319,94,.284,.138,2.3%,19.1%,9.5%,18.5%,42.6%,27.9%,0.78,25.7%,57.9%,16.4%,-1.4,-0.8%,-55.9,27%,74%,38%,2009,San Diego Padres,No
23,.319,90,.293,.144,2.6%,17.9%,6.9%,18.7%,43.6%,27.1%,0.81,27.9%,57.4%,14.7%,-5.2,-3.3%,-111.6,27%,73%,35%,2009,Seattle Mariners,No
24,.316,78,.302,.132,2.0%,19.1%,6.5%,18.9%,44.3%,26.7%,0.84,24.3%,57.9%,17.8%,-6.7,-7.4%,-66.6,31%,74%,38%,2009,San Francisco Giants,No
25,.336,98,.296,.152,2.6%,16.9%,8.6%,19.2%,44.1%,26.8%,0.83,26.5%,58.3%,15.2%,3.0,1.4%,25.8,30%,71%,44%,2009,St. Louis Cardinals,No
26,.349,106,.303,.177,3.2%,19.8%,10.3%,21.6%,39.9%,29.0%,0.68,28.8%,54.5%,16.7%,2.3,0.6%,40.1,31%,76%,38%,2009,Tampa Bay Rays,No
27,.342,94,.296,.185,3.7%,20.5%,7.7%,20.2%,39.8%,30.6%,0.68,27.0%,55.8%,17.3%,-0.2,0.6%,2.6,32%,81%,35%,2009,Texas Rangers,No
28,.345,102,.290,.174,3.3%,16.2%,8.6%,19.5%,38.7%,31.8%,0.64,27.1%,58.2%,14.7%,-4.1,-2.2%,12.2,30%,76%,40%,2009,Toronto Blue Jays,No
29,.335,96,.302,.148,2.5%,19.3%,9.8%,20.3%,43.6%,26.2%,0.81,27.1%,56.1%,16.7%,-3.8,0.3%,-9.0,28%,65%,39%,2009,Washington Nationals,No
0,.332,92,.312,.166,2.9%,24.7%,9.5%,19.3%,40.6%,30.9%,0.70,27.4%,56.7%,15.8%,-4.8,1.0%,-7.1,29%,68%,34%,2010,Arizona Diamondbacks,No
1,.337,102,.301,.143,2.2%,18.2%,10.1%,17.0%,43.7%,29.8%,0.81,27.6%,54.1%,18.3%,5.5,5.2%,49.6,30%,68%,39%,2010,Atlanta Braves,Yes
2,.319,91,.296,.127,2.2%,17.3%,6.9%,17.5%,45.2%,28.2%,0.85,25.5%,57.1%,17.4%,-7.6,-1.3%,-102.8,26%,69%,36%,2010,Baltimore Orioles,No
3,.353,109,.299,.183,3.3%,17.9%,9.2%,18.6%,39.4%,33.0%,0.66,27.8%,56.0%,16.2%,7.4,2.5%,82.5,31%,80%,38%,2010,Boston Red Sox,No
4,.327,89,.304,.145,2.4%,20.1%,7.8%,19.0%,43.7%,29.3%,0.81,24.9%,57.5%,17.6%,-9.5,-2.9%,-29.1,30%,64%,38%,2010,Chicago Cubs,No
5,.340,102,.292,.152,2.9%,15.1%,7.6%,17.5%,44.6%,27.5%,0.85,27.3%,57.1%,15.6%,4.3,2.5%,28.8,31%,68%,42%,2010,Chicago White Sox,No
6,.350,108,.314,.164,3.0%,19.4%,8.3%,20.1%,41.6%,28.3%,0.75,26.2%,56.6%,17.1%,6.5,5.5%,85.1,31%,68%,46%,2010,Cincinnati Reds,No
7,.320,97,.293,.130,2.1%,19.2%,8.8%,18.3%,44.1%,28.6%,0.82,29.2%,54.5%,16.3%,-6.1,-0.9%,-48.0,28%,73%,36%,2010,Cleveland Indians,No
8,.341,90,.310,.162,2.8%,20.3%,9.3%,21.0%,41.6%,27.8%,0.74,24.5%,58.8%,16.7%,-1.9,-0.1%,22.8,31%,70%,45%,2010,Colorado Rockies,No
9,.339,103,.311,.147,2.4%,18.2%,8.7%,21.5%,42.8%,26.0%,0.78,26.9%,55.1%,17.9%,3.2,1.2%,32.2,31%,70%,40%,2010,Detroit Tigers,No
10,.329,91,.309,.149,2.5%,22.2%,8.3%,19.7%,44.2%,26.3%,0.83,26.4%,57.6%,16.1%,0.2,0.3%,13.3,31%,78%,41%,2010,Florida Marlins,No
11,.305,79,.285,.115,1.8%,17.1%,6.9%,17.2%,46.4%,26.0%,0.92,24.9%,58.3%,16.8%,-4.2,-1.8%,-86.2,30%,74%,40%,2010,Houston Astros,No
12,.331,99,.305,.126,2.0%,14.6%,7.6%,18.8%,43.7%,28.2%,0.81,23.7%,60.9%,15.4%,-5.7,-0.6%,-38.9,28%,70%,35%,2010,Kansas City Royals,No
13,.319,94,.281,.142,2.6%,17.6%,7.7%,16.0%,44.9%,30.3%,0.86,24.2%,59.6%,16.1%,-6.7,-2.3%,-27.1,30%,67%,45%,2010,Los Angeles Angels of Anaheim,No
14,.321,92,.299,.127,2.0%,19.3%,8.7%,19.3%,44.3%,27.0%,0.84,24.1%,58.7%,17.2%,-6.6,-3.0%,-22.9,30%,65%,44%,2010,Los Angeles Dodgers,No
15,.344,105,.304,.161,2.9%,19.3%,8.7%,20.2%,44.0%,26.0%,0.82,25.1%,57.2%,17.7%,3.3,0.6%,46.8,29%,76%,36%,2010,Milwaukee Brewers,No
16,.342,109,.306,.148,2.3%,15.5%,8.9%,17.6%,45.8%,29.0%,0.87,24.0%,59.4%,16.7%,8.2,8.8%,76.9,31%,71%,41%,2010,Minnesota Twins,No
17,.317,88,.287,.134,2.1%,17.8%,8.2%,18.4%,41.5%,28.5%,0.75,25.1%,58.4%,16.6%,-9.1,-4.7%,-43.0,29%,75%,42%,2010,New York Mets,No
18,.354,109,.300,.169,3.2%,17.8%,10.4%,18.7%,44.3%,28.7%,0.82,26.0%,57.8%,16.1%,9.1,7.1%,130.2,32%,77%,38%,2010,New York Yankees,Yes
19,.326,94,.297,.122,1.8%,17.4%,8.6%,21.0%,41.5%,27.2%,0.73,25.5%,57.7%,16.7%,-6.4,-3.5%,-40.9,29%,80%,44%,2010,Oakland Athletics,No
20,.339,98,.292,.153,2.6%,16.9%,8.9%,19.7%,44.1%,27.8%,0.81,28.3%,56.3%,15.4%,5.8,3.9%,61.8,32%,84%,39%,2010,Philadelphia Phillies,No
21,.310,83,.288,.131,2.1%,20.2%,7.8%,16.7%,45.6%,27.9%,0.88,26.5%,57.2%,16.3%,-10.9,-1.4%,-106.7,27%,71%,37%,2010,Pittsburgh Pirates,No
22,.313,92,.290,.125,2.2%,19.2%,8.8%,18.4%,43.9%,25.9%,0.83,25.8%,58.3%,16.0%,-6.0,-11.1%,-13.7,29%,71%,37%,2010,San Diego Padres,No
23,.296,79,.282,.104,1.7%,19.8%,7.7%,19.7%,43.6%,26.0%,0.81,24.3%,58.6%,17.1%,-18.3,-2.8%,-183.2,24%,78%,36%,2010,Seattle Mariners,No
24,.329,97,.293,.151,2.6%,17.9%,7.9%,18.4%,43.7%,28.0%,0.81,26.5%,57.2%,16.4%,-2.3,-5.4%,1.2,29%,63%,38%,2010,San Francisco Giants,No
25,.331,100,.296,.139,2.4%,16.5%,8.7%,19.7%,44.9%,26.2%,0.85,24.2%,58.7%,17.1%,0.2,0.0%,41.6,31%,66%,41%,2010,St. Louis Cardinals,No
26,.337,106,.293,.156,2.6%,20.6%,10.7%,18.5%,41.2%,30.4%,0.73,29.6%,54.8%,15.6%,7.4,5.9%,104.7,33%,79%,45%,2010,Tampa Bay Rays,No
27,.342,98,.307,.143,2.6%,15.7%,8.1%,18.1%,44.6%,28.4%,0.84,23.6%,59.0%,17.4%,3.1,2.5%,47.4,31%,72%,42%,2010,Texas Rangers,No
28,.341,103,.269,.206,4.2%,19.2%,7.8%,18.3%,39.4%,31.3%,0.66,28.7%,57.4%,13.8%,2.4,0.5%,36.3,30%,74%,36%,2010,Toronto Blue Jays,No
29,.322,90,.294,.140,2.4%,20.0%,8.3%,18.7%,45.4%,26.2%,0.89,25.8%,56.6%,17.6%,-5.6,-0.4%,-43.4,28%,73%,36%,2010,Washington Nationals,No
0,.330,96,.294,.163,2.8%,20.5%,8.7%,18.1%,40.6%,30.6%,0.71,28.0%,55.2%,16.8%,7.4,5.5%,64.4,31%,71%,43%,2011,Arizona Diamondbacks,No
1,.316,88,.284,.144,2.8%,20.4%,8.2%,14.9%,44.8%,29.3%,0.86,31.3%,51.6%,17.1%,-3.4,-5.9%,-30.1,27%,64%,46%,2011,Atlanta Braves,No
2,.326,96,.288,.156,3.1%,18.2%,7.3%,17.2%,43.8%,30.6%,0.80,28.0%,54.6%,17.3%,-2.3,-1.8%,-25.5,29%,76%,42%,2011,Baltimore Orioles,No
3,.358,116,.314,.181,3.2%,17.3%,9.0%,18.0%,43.2%,31.0%,0.77,29.1%,54.0%,16.8%,5.8,4.0%,137.2,33%,71%,39%,2011,Boston Red Sox,No
4,.326,94,.301,.144,2.4%,19.6%,6.9%,20.2%,43.8%,26.4%,0.82,28.5%,54.8%,16.7%,0.5,0.3%,-12.0,28%,75%,35%,2011,Chicago Cubs,No
5,.317,87,.280,.136,2.5%,16.1%,7.7%,18.8%,42.6%,27.3%,0.78,30.2%,52.8%,17.1%,-10.1,-5.1%,-92.7,27%,60%,37%,2011,Chicago White Sox,No
6,.334,99,.297,.152,2.9%,19.8%,8.5%,19.5%,43.3%,27.3%,0.80,26.9%,56.2%,16.9%,4.0,1.2%,53.8,29%,66%,42%,2011,Cincinnati Reds,No
7,.318,99,.297,.146,2.5%,20.7%,8.0%,18.8%,44.8%,27.7%,0.83,27.9%,58.0%,14.1%,-1.8,-4.2%,2.0,30%,68%,41%,2011,Cleveland Indians,No
8,.336,87,.300,.152,2.6%,19.1%,8.8%,19.3%,43.5%,26.7%,0.82,26.0%,56.7%,17.3%,-3.9,-1.1%,12.5,30%,74%,44%,2011,Colorado Rockies,No
9,.344,110,.318,.157,2.7%,18.3%,8.4%,19.8%,40.7%,30.2%,0.71,28.6%,53.4%,18.0%,7.0,3.7%,71.0,31%,71%,36%,2011,Detroit Tigers,No
10,.321,91,.291,.142,2.4%,20.0%,8.7%,20.2%,43.0%,25.7%,0.80,27.1%,56.0%,16.9%,-5.4,-0.5%,-51.2,26%,70%,40%,2011,Florida Marlins,No
11,.313,87,.308,.116,1.5%,18.9%,6.5%,20.0%,44.5%,25.3%,0.85,26.9%,56.2%,16.9%,-8.5,0.1%,-45.1,29%,78%,34%,2011,Houston Astros,No
12,.334,104,.311,.140,2.1%,16.1%,7.1%,17.9%,44.7%,27.7%,0.84,25.4%,57.9%,16.7%,-3.5,-1.4%,7.7,31%,73%,38%,2011,Kansas City Royals,No
13,.322,103,.288,.149,2.6%,17.8%,7.3%,15.7%,43.4%,29.4%,0.81,27.3%,57.0%,15.8%,-3.2,-3.8%,-24.6,29%,72%,48%,2011,Los Angeles Angels of Anaheim,No
14,.317,93,.299,.118,1.9%,17.8%,8.2%,18.0%,43.8%,28.0%,0.83,23.9%,57.4%,18.7%,-2.6,-1.5%,1.1,29%,76%,43%,2011,Los Angeles Dodgers,No
15,.338,102,.293,.164,3.0%,17.7%,7.9%,18.7%,44.7%,26.5%,0.85,28.6%,54.1%,17.3%,10.2,8.2%,57.0,30%,75%,41%,2011,Milwaukee Brewers,No
16,.304,83,.288,.113,1.7%,17.4%,7.3%,15.5%,47.7%,26.6%,0.95,26.3%,56.6%,17.1%,-8.8,-2.4%,-90.9,29%,70%,44%,2011,Minnesota Twins,No
17,.332,103,.307,.127,1.7%,17.1%,9.0%,19.3%,42.3%,29.0%,0.76,27.4%,55.6%,17.1%,6.1,0.9%,60.9,30%,79%,39%,2011,New York Mets,No
18,.352,110,.292,.181,3.5%,18.1%,9.9%,17.7%,45.6%,27.6%,0.87,31.2%,52.4%,16.4%,5.1,3.7%,130.2,33%,76%,38%,2011,New York Yankees,No
19,.311,88,.283,.125,1.9%,17.9%,8.3%,19.8%,40.9%,29.0%,0.71,28.5%,53.7%,17.9%,-11.6,-5.6%,-68.2,30%,73%,38%,2011,Oakland Athletics,No
20,.329,96,.283,.142,2.4%,16.3%,8.6%,18.5%,44.3%,28.0%,0.82,30.6%,52.6%,16.8%,2.2,0.3%,46.6,30%,80%,42%,2011,Philadelphia Phillies,No
21,.309,89,.301,.123,1.8%,21.6%,8.1%,18.1%,44.3%,29.2%,0.84,28.1%,55.3%,16.7%,-3.0,-2.6%,-43.4,29%,68%,38%,2011,Pittsburgh Pirates,No
22,.302,84,.294,.112,1.5%,21.7%,8.3%,17.0%,45.7%,28.2%,0.88,26.2%,56.4%,17.4%,-13.0,-3.5%,-54.1,29%,79%,43%,2011,San Diego Padres,No
23,.292,83,.283,.115,1.8%,21.4%,7.3%,18.0%,45.2%,27.3%,0.85,26.6%,55.9%,17.5%,-12.6,-5.1%,-127.0,27%,76%,41%,2011,Seattle Mariners,No
24,.305,91,.281,.126,2.0%,18.4%,7.4%,16.7%,44.6%,27.4%,0.85,28.6%,54.8%,16.6%,-5.5,-6.4%,-76.2,26%,63%,41%,2011,San Francisco Giants,No
25,.342,112,.305,.151,2.6%,15.7%,8.7%,19.6%,46.6%,25.1%,0.92,25.4%,56.1%,18.5%,14.8,13.4%,104.9,30%,59%,43%,2011,St. Louis Cardinals,Yes
26,.328,107,.281,.159,2.8%,19.4%,9.3%,17.3%,42.9%,29.8%,0.78,29.9%,54.2%,15.9%,3.7,4.4%,10.8,30%,71%,43%,2011,Tampa Bay Rays,Yes
27,.358,112,.304,.177,3.4%,14.9%,7.6%,18.4%,44.7%,28.8%,0.84,25.7%,56.9%,17.4%,8.2,7.4%,120.7,34%,76%,44%,2011,Texas Rangers,No
28,.328,96,.283,.164,3.0%,19.1%,8.5%,17.6%,41.1%,29.3%,0.72,31.5%,52.9%,15.6%,0.7,-1.2%,1.9,31%,72%,43%,2011,Toronto Blue Jays,No
29,.316,88,.292,.140,2.5%,21.7%,7.7%,17.7%,45.3%,26.5%,0.88,26.7%,54.3%,18.9%,-5.3,-2.0%,-40.0,27%,74%,40%,2011,Washington Nationals,No
0,.331,97,.307,.159,2.7%,20.6%,8.8%,19.8%,41.6%,29.6%,0.74,27.1%,55.7%,17.3%,1.1,-1.0%,43.3,31%,65%,41%,2012,Arizona Diamondbacks,No
1,.320,88,.296,.142,2.4%,21.0%,9.3%,18.7%,44.7%,27.7%,0.85,27.8%,53.6%,18.6%,2.3,1.5%,10.6,30%,76%,43%,2012,Atlanta Braves,Yes
2,.321,95,.286,.170,3.5%,21.4%,7.8%,17.6%,44.2%,28.8%,0.82,30.2%,53.2%,16.6%,0.1,-0.1%,-20.1,29%,67%,39%,2012,Baltimore Orioles,Yes
3,.324,94,.301,.155,2.7%,19.4%,6.9%,18.5%,42.5%,30.3%,0.76,27.5%,54.8%,17.6%,-2.1,0.1%,3.4,32%,76%,42%,2012,Boston Red Sox,No
4,.310,83,.286,.138,2.3%,20.7%,7.5%,19.8%,45.0%,26.8%,0.85,27.8%,54.6%,17.6%,-9.9,-1.4%,-71.1,29%,68%,44%,2012,Chicago Cubs,No
5,.329,98,.289,.167,3.5%,19.7%,7.5%,20.3%,42.1%,27.6%,0.75,29.2%,52.2%,18.6%,0.3,-2.2%,23.9,30%,72%,39%,2012,Chicago White Sox,No
6,.326,91,.296,.159,2.8%,20.7%,7.9%,19.3%,42.1%,28.3%,0.77,26.3%,56.8%,16.9%,4.0,5.0%,-23.7,28%,76%,42%,2012,Cincinnati Reds,No
7,.318,101,.288,.131,2.2%,17.6%,9.0%,19.5%,46.5%,25.8%,0.89,29.7%,54.7%,15.7%,-2.6,0.9%,-28.1,28%,71%,36%,2012,Cleveland Indians,No
8,.341,92,.321,.163,2.7%,19.6%,7.3%,20.7%,45.4%,25.1%,0.88,26.5%,56.8%,16.7%,-0.7,0.7%,22.8,32%,71%,45%,2012,Colorado Rockies,No
9,.334,102,.307,.154,2.7%,18.0%,8.4%,19.0%,44.3%,29.3%,0.82,25.3%,55.8%,18.9%,2.4,2.4%,8.5,30%,72%,38%,2012,Detroit Tigers,No
10,.307,81,.288,.135,2.4%,22.7%,7.7%,18.4%,45.0%,26.9%,0.86,28.1%,55.1%,16.8%,-13.6,-1.6%,-104.3,26%,70%,39%,2012,Houston Astros,No
11,.318,91,.302,.135,2.1%,16.8%,6.6%,18.5%,45.7%,26.7%,0.87,26.1%,56.6%,17.3%,-8.4,-2.4%,-48.4,30%,78%,40%,2012,Kansas City Royals,No
12,.341,116,.311,.159,3.1%,18.2%,7.3%,17.0%,46.6%,26.8%,0.92,28.7%,53.5%,17.9%,8.9,6.4%,84.7,31%,80%,49%,2012,Los Angeles Angels of Anaheim,No
13,.312,89,.298,.122,1.9%,19.0%,7.9%,19.4%,45.0%,25.0%,0.87,25.4%,56.2%,18.4%,-3.2,-4.8%,-32.0,29%,70%,39%,2012,Los Angeles Dodgers,No
14,.311,81,.289,.138,2.3%,20.3%,8.0%,19.1%,43.7%,27.2%,0.82,26.9%,55.7%,17.4%,-7.8,-2.1%,-84.6,27%,78%,40%,2012,Miami Marlins,No
15,.342,101,.299,.177,3.2%,19.9%,7.5%,17.8%,43.5%,27.5%,0.82,26.0%,55.8%,18.2%,6.6,-0.2%,71.5,32%,80%,38%,2012,Milwaukee Brewers,No
16,.323,99,.298,.130,2.1%,17.2%,8.1%,16.8%,48.3%,25.8%,0.98,26.3%,56.5%,17.2%,-4.3,-0.9%,-12.5,30%,78%,40%,2012,Minnesota Twins,No
17,.316,93,.298,.137,2.3%,20.5%,8.3%,19.3%,44.5%,27.2%,0.84,26.1%,56.4%,17.6%,-1.0,3.5%,-19.3,29%,68%,42%,2012,New York Mets,No
18,.349,113,.293,.188,3.9%,18.9%,9.1%,18.8%,45.4%,27.1%,0.85,29.0%,54.5%,16.5%,8.6,9.5%,83.8,30%,78%,37%,2012,New York Yankees,No
19,.319,99,.281,.166,3.2%,22.4%,8.9%,19.3%,39.3%,30.4%,0.66,28.9%,54.7%,16.4%,1.1,6.6%,12.4,30%,79%,43%,2012,Oakland Athletics,No
20,.323,89,.290,.144,2.6%,17.7%,7.4%,18.0%,46.5%,25.6%,0.92,30.7%,52.4%,17.0%,-0.6,-1.6%,-9.0,29%,83%,40%,2012,Philadelphia Phillies,No
21,.313,93,.291,.152,2.8%,22.5%,7.4%,16.9%,44.5%,28.8%,0.84,27.2%,55.4%,17.4%,-2.5,0.7%,-19.8,29%,58%,42%,2012,Pittsburgh Pirates,No
22,.319,99,.297,.133,2.0%,20.3%,8.8%,18.0%,47.1%,25.7%,0.95,25.8%,56.8%,17.4%,-0.3,-1.9%,-2.7,29%,77%,43%,2012,San Diego Padres,No
23,.300,90,.276,.135,2.5%,20.8%,7.7%,20.0%,42.4%,26.5%,0.76,27.9%,54.7%,17.4%,-10.6,-2.5%,-76.0,28%,75%,38%,2012,Seattle Mariners,No
24,.326,107,.315,.128,1.7%,17.7%,7.8%,20.0%,45.7%,25.2%,0.88,26.6%,54.1%,19.3%,9.1,5.6%,75.2,32%,75%,36%,2012,San Francisco Giants,No
25,.340,108,.316,.150,2.5%,18.8%,8.4%,20.5%,46.7%,24.6%,0.92,25.0%,56.3%,18.6%,4.4,2.6%,78.2,31%,71%,41%,2012,St. Louis Cardinals,Yes
26,.318,99,.284,.155,2.9%,21.7%,9.4%,17.3%,42.3%,29.4%,0.76,31.7%,54.8%,13.5%,-5.0,-6.4%,-4.3,29%,75%,40%,2012,Tampa Bay Rays,No
27,.344,105,.306,.173,3.2%,17.7%,7.7%,18.7%,44.3%,28.9%,0.82,25.9%,54.9%,19.1%,3.1,3.6%,81.5,32%,67%,40%,2012,Texas Rangers,Yes
28,.320,93,.281,.161,3.3%,20.5%,7.8%,18.4%,43.5%,28.0%,0.79,28.2%,54.8%,17.0%,-4.5,0.1%,-9.1,30%,75%,46%,2012,Toronto Blue Jays,No
29,.335,101,.308,.166,3.1%,21.3%,7.7%,19.4%,44.7%,26.7%,0.85,27.3%,54.2%,18.6%,5.9,4.0%,37.4,29%,75%,38%,2012,Washington Nationals,No
0,.321,94,.301,.133,2.1%,18.0%,8.2%,23.9%,46.6%,21.5%,0.90,23.9%,57.7%,18.4%,0.5,0.6%,18.5,29%,60%,38%,2013,Arizona Diamondbacks,No
1,.328,100,.300,.153,3.0%,22.6%,8.8%,22.6%,42.7%,24.0%,0.78,29.4%,52.7%,17.9%,5.6,3.8%,47.7,28%,67%,38%,2013,Atlanta Braves,No
2,.330,100,.288,.171,3.5%,18.3%,6.8%,21.5%,43.9%,25.5%,0.80,30.1%,52.9%,17.0%,7.8,3.8%,39.7,31%,73%,37%,2013,Baltimore Orioles,No
3,.355,117,.329,.169,2.8%,20.5%,9.1%,22.9%,42.2%,26.9%,0.75,27.8%,54.5%,17.7%,11.1,7.0%,153.5,32%,87%,39%,2013,Boston Red Sox,No
4,.315,89,.275,.154,2.8%,20.2%,7.2%,22.5%,43.7%,24.5%,0.80,30.2%,52.5%,17.3%,-7.4,-1.0%,-53.1,26%,66%,43%,2013,Chicago Cubs,No
5,.305,81,.291,.129,2.4%,19.9%,6.8%,22.8%,42.6%,26.2%,0.76,28.1%,53.7%,18.2%,-15.6,-3.8%,-119.9,26%,71%,36%,2013,Chicago White Sox,No
6,.326,98,.293,.142,2.5%,19.8%,9.3%,25.4%,44.8%,20.5%,0.86,25.7%,56.1%,18.2%,0.7,1.0%,45.6,29%,66%,40%,2013,Cincinnati Reds,Yes
7,.332,109,.300,.155,2.8%,20.8%,9.1%,23.2%,43.1%,25.3%,0.78,31.2%,53.3%,15.5%,7.6,6.8%,71.9,31%,76%,40%,2013,Cleveland Indians,Yes
8,.334,89,.317,.149,2.6%,19.6%,6.9%,26.4%,44.9%,20.5%,0.85,23.7%,57.8%,18.5%,-1.5,-1.4%,14.3,30%,78%,44%,2013,Colorado Rockies,No
9,.348,114,.320,.151,2.8%,16.8%,8.3%,23.8%,43.8%,25.0%,0.80,27.4%,54.2%,18.4%,3.8,6.0%,88.2,30%,64%,33%,2013,Detroit Tigers,No
10,.303,85,.304,.136,2.5%,25.5%,7.1%,22.3%,45.8%,23.5%,0.88,27.8%,53.7%,18.5%,-15.6,-1.4%,-90.0,28%,64%,38%,2013,Houston Astros,No
11,.315,87,.300,.119,1.8%,17.2%,6.9%,21.5%,46.6%,22.5%,0.91,26.1%,56.7%,17.2%,-4.8,-3.2%,-56.7,29%,83%,43%,2013,Kansas City Royals,No
12,.332,112,.307,.150,2.6%,19.5%,8.4%,23.4%,45.3%,23.3%,0.86,26.9%,54.8%,18.3%,2.2,-0.7%,51.9,30%,71%,43%,2013,Los Angeles Angels of Anaheim,No
13,.328,104,.308,.133,2.3%,18.7%,7.8%,24.1%,43.3%,23.5%,0.80,25.3%,56.5%,18.2%,3.0,2.5%,19.2,28%,74%,38%,2013,Los Angeles Dodgers,No
14,.288,68,.280,.104,1.6%,20.5%,7.2%,22.9%,47.7%,20.2%,0.96,24.0%,57.9%,18.1%,-21.6,-2.7%,-147.7,25%,73%,40%,2013,Miami Marlins,No
15,.322,92,.294,.145,2.6%,19.5%,6.7%,21.3%,46.4%,21.8%,0.93,24.8%,54.6%,20.6%,1.0,0.9%,-11.6,28%,74%,35%,2013,Milwaukee Brewers,No
16,.313,90,.298,.138,2.4%,23.0%,8.6%,21.6%,43.6%,26.1%,0.79,26.5%,55.7%,17.7%,-7.1,-0.9%,-94.0,25%,61%,40%,2013,Minnesota Twins,No
17,.307,90,.291,.129,2.1%,22.3%,8.3%,20.7%,43.9%,25.6%,0.82,24.9%,56.1%,19.0%,-3.8,-0.2%,-23.1,28%,77%,46%,2013,New York Mets,No
18,.310,87,.285,.133,2.4%,20.1%,7.7%,20.8%,43.5%,25.4%,0.80,27.2%,56.3%,16.5%,-2.8,-2.6%,-44.1,30%,79%,35%,2013,New York Yankees,No
19,.332,107,.289,.165,3.0%,19.0%,9.2%,24.7%,37.4%,27.2%,0.61,30.1%,52.8%,17.0%,6.5,5.0%,90.2,31%,73%,42%,2013,Oakland Athletics,No
20,.313,89,.293,.135,2.3%,20.0%,6.9%,24.1%,44.9%,22.2%,0.85,29.7%,53.5%,16.8%,-2.6,-0.7%,-31.2,27%,72%,41%,2013,Philadelphia Phillies,No
21,.321,100,.294,.151,2.6%,21.7%,7.6%,22.6%,45.3%,23.1%,0.87,28.1%,56.6%,15.2%,-0.2,-1.2%,2.5,27%,69%,41%,2013,Pittsburgh Pirates,Yes
22,.312,97,.294,.133,2.4%,21.4%,7.6%,23.3%,46.1%,22.3%,0.90,29.5%,54.1%,16.4%,-0.3,-0.3%,-1.1,27%,78%,38%,2013,San Diego Padres,No
23,.312,99,.279,.152,3.1%,21.9%,8.6%,23.5%,42.1%,24.7%,0.75,29.6%,53.4%,17.0%,-5.6,-2.1%,-54.0,25%,68%,38%,2013,Seattle Mariners,No
24,.317,99,.304,.121,1.7%,17.5%,7.6%,23.3%,45.1%,22.3%,0.85,26.3%,56.0%,17.8%,3.1,2.2%,8.4,28%,72%,37%,2013,San Francisco Giants,No
25,.330,101,.314,.133,2.0%,17.9%,7.8%,25.9%,45.2%,20.8%,0.86,25.4%,56.6%,18.0%,8.6,6.8%,137.0,34%,67%,43%,2013,St. Louis Cardinals,No
26,.327,105,.295,.151,2.6%,18.8%,9.4%,21.8%,43.7%,26.3%,0.79,30.2%,53.7%,16.1%,5.3,2.2%,10.5,28%,66%,40%,2013,Tampa Bay Rays,Yes
27,.333,102,.294,.150,2.8%,17.2%,7.5%,23.0%,43.8%,23.8%,0.81,27.2%,55.8%,17.0%,0.2,-0.5%,26.3,30%,76%,42%,2013,Texas Rangers,No
28,.328,99,.284,.158,3.0%,18.3%,8.3%,22.1%,44.2%,24.0%,0.82,28.2%,55.0%,16.8%,-1.2,-0.6%,6.5,29%,73%,45%,2013,Toronto Blue Jays,No
29,.322,92,.292,.146,2.7%,19.7%,7.7%,24.0%,44.5%,22.0%,0.84,26.6%,53.9%,19.5%,0.6,-2.5%,7.3,29%,76%,42%,2013,Washington Nationals,No
0,.309,86,.293,.127,1.9%,19.1%,6.5%,26.5%,47.0%,18.8%,0.92,24.1%,58.0%,18.0%,-7.1,-0.6%,-37.3,29%,72%,42%,2014,Arizona Diamondbacks,No
1,.305,86,.298,.119,2.0%,22.6%,7.8%,24.1%,45.3%,22.0%,0.87,26.5%,55.5%,18.0%,-8.6,-5.2%,-65.2,26%,74%,40%,2014,Atlanta Braves,No
2,.330,104,.296,.166,3.4%,21.0%,6.5%,22.6%,43.6%,24.0%,0.79,31.0%,52.8%,16.2%,2.5,1.3%,28.0,29%,69%,34%,2014,Baltimore Orioles,No
3,.313,90,.297,.124,2.0%,21.5%,8.6%,23.5%,44.3%,24.9%,0.81,28.3%,56.2%,15.5%,-8.7,-3.5%,-56.3,28%,72%,42%,2014,Boston Red Sox,No
4,.309,87,.296,.146,2.6%,24.2%,7.2%,24.7%,41.9%,22.6%,0.76,30.1%,52.6%,17.3%,-7.4,-2.4%,-44.0,28%,62%,38%,2014,Chicago Cubs,No
5,.321,103,.306,.146,2.6%,22.4%,6.9%,24.0%,46.5%,21.0%,0.89,29.0%,52.4%,18.6%,3.4,2.5%,-3.7,29%,70%,39%,2014,Chicago White Sox,No
6,.305,84,.284,.127,2.2%,20.9%,6.9%,26.8%,43.3%,18.9%,0.82,27.0%,56.4%,16.5%,-9.1,-3.4%,-47.7,28%,70%,38%,2014,Cincinnati Reds,No
7,.322,96,.296,.136,2.3%,19.1%,8.1%,24.9%,43.1%,23.0%,0.79,29.5%,53.3%,17.3%,-1.1,-2.0%,-18.3,29%,79%,42%,2014,Cleveland Indians,No
8,.343,101,.326,.169,3.0%,20.8%,6.4%,26.8%,45.3%,19.1%,0.86,24.8%,58.0%,17.2%,2.3,2.9%,70.2,31%,64%,38%,2014,Colorado Rockies,No
9,.341,113,.319,.150,2.5%,18.5%,7.1%,24.0%,43.0%,25.8%,0.77,28.5%,53.8%,17.7%,6.6,8.1%,86.8,31%,72%,40%,2014,Detroit Tigers,No
10,.315,94,.298,.141,2.7%,23.8%,8.2%,23.6%,43.5%,24.3%,0.79,28.4%,53.8%,17.8%,-5.3,-2.0%,-35.8,27%,77%,36%,2014,Houston Astros,No
11,.316,90,.302,.113,1.6%,16.3%,6.3%,23.7%,46.9%,20.4%,0.91,27.0%,56.9%,16.1%,-2.5,-3.3%,-29.7,30%,81%,41%,2014,Kansas City Royals,Yes
12,.331,113,.305,.147,2.5%,20.1%,7.8%,25.0%,45.7%,20.6%,0.86,29.2%,53.9%,16.9%,9.6,6.4%,113.4,32%,68%,46%,2014,Los Angeles Angels of Anaheim,No
13,.336,112,.318,.140,2.2%,20.0%,8.3%,25.2%,47.4%,19.6%,0.95,22.9%,58.1%,19.0%,6.8,4.9%,86.0,30%,73%,41%,2014,Los Angeles Dodgers,No
14,.315,92,.316,.125,2.0%,22.9%,8.1%,25.0%,48.5%,18.4%,1.00,24.1%,56.8%,19.1%,-1.8,-1.2%,0.8,29%,73%,40%,2014,Miami Marlins,No
15,.322,94,.293,.147,2.5%,19.7%,7.0%,24.8%,44.0%,21.0%,0.83,25.8%,53.6%,20.6%,-1.3,-1.2%,-2.1,29%,70%,44%,2014,Milwaukee Brewers,No
16,.325,100,.309,.135,2.1%,21.3%,8.7%,23.9%,44.1%,23.2%,0.81,28.5%,53.2%,18.3%,0.6,-0.3%,38.9,31%,73%,44%,2014,Minnesota Twins,No
17,.309,93,.286,.126,2.0%,20.6%,8.4%,25.0%,41.6%,24.4%,0.74,27.1%,56.1%,16.8%,-2.3,-2.3%,-0.7,29%,75%,40%,2014,New York Mets,No
18,.314,93,.282,.135,2.4%,18.6%,7.4%,23.0%,43.9%,24.5%,0.80,28.7%,55.9%,15.5%,-3.1,-2.8%,-37.9,28%,81%,33%,2014,New York Yankees,No
19,.322,101,.278,.137,2.3%,17.7%,9.4%,25.6%,38.8%,25.3%,0.65,30.1%,53.0%,16.9%,1.4,1.5%,65.5,31%,81%,42%,2014,Oakland Athletics,Yes
20,.307,84,.292,.121,2.0%,21.1%,7.2%,25.1%,45.4%,20.8%,0.87,30.3%,53.1%,16.6%,-7.2,-2.3%,-35.6,28%,81%,36%,2014,Philadelphia Phillies,No
21,.333,107,.307,.145,2.5%,20.0%,8.4%,25.4%,43.9%,21.7%,0.82,26.9%,57.1%,16.0%,4.8,2.3%,44.1,28%,69%,40%,2014,Pittsburgh Pirates,Yes
22,.292,84,.277,.115,1.9%,21.9%,7.9%,23.3%,47.6%,20.6%,0.96,28.7%,54.1%,17.2%,-9.4,-3.6%,-80.5,26%,73%,40%,2014,San Diego Padres,No
23,.307,94,.290,.132,2.3%,20.6%,6.6%,25.0%,44.8%,21.4%,0.84,28.3%,52.8%,18.9%,-5.7,-4.9%,-17.5,29%,70%,44%,2014,Seattle Mariners,No
24,.316,99,.304,.133,2.2%,20.5%,7.0%,25.0%,44.0%,22.2%,0.81,26.7%,56.1%,17.2%,5.5,4.1%,39.2,30%,67%,41%,2014,San Francisco Giants,Yes
25,.315,93,.300,.116,1.7%,18.6%,7.7%,26.7%,46.0%,19.7%,0.89,24.0%,57.8%,18.2%,-0.8,1.4%,-15.1,28%,64%,39%,2014,St. Louis Cardinals,No
26,.312,96,.287,.120,1.9%,18.1%,8.5%,21.7%,45.2%,24.1%,0.86,28.8%,54.1%,17.1%,-8.6,-2.2%,-56.0,27%,70%,43%,2014,Tampa Bay Rays,No
27,.313,91,.305,.119,1.8%,19.3%,6.9%,23.8%,47.6%,19.7%,0.95,26.3%,57.6%,16.2%,-7.4,0.4%,-37.8,29%,64%,44%,2014,Texas Rangers,No
28,.335,109,.295,.155,2.9%,18.7%,8.1%,22.7%,44.5%,22.6%,0.83,28.3%,55.1%,16.7%,2.0,0.1%,58.5,30%,79%,38%,2014,Toronto Blue Jays,No
29,.326,95,.303,.140,2.5%,21.0%,8.3%,26.5%,44.5%,19.7%,0.85,27.1%,55.5%,17.3%,3.6,0.7%,32.6,29%,81%,43%,2014,Washington Nationals,No
0,.332,96,.316,.150,2.5%,20.9%,7.8%,29.1%,47.1%,16.1%,0.94,24.9%,54.5%,20.6%,-2.0,-1.1%,24.2,30%,75%,40%,2015,Arizona Diamondbacks,No
1,.306,86,.297,.108,1.7%,18.4%,7.8%,25.7%,48.9%,17.6%,1.01,25.9%,53.5%,20.6%,-6.9,-2.6%,-84.4,26%,68%,40%,2015,Atlanta Braves,No
2,.322,96,.291,.171,3.6%,22.2%,7.0%,26.5%,43.5%,21.2%,0.79,30.1%,52.1%,17.8%,-3.7,-3.9%,10.6,30%,64%,37%,2015,Baltimore Orioles,No
3,.330,98,.305,.149,2.6%,18.4%,7.7%,23.8%,47.2%,20.9%,0.91,26.4%,54.8%,18.8%,-3.4,-3.2%,23.7,31%,72%,37%,2015,Boston Red Sox,No
4,.323,97,.305,.154,2.8%,24.5%,9.2%,26.5%,42.9%,22.2%,0.78,29.6%,52.0%,18.4%,5.0,1.6%,28.3,28%,72%,45%,2015,Chicago Cubs,Yes
5,.307,92,.296,.130,2.2%,20.3%,6.7%,25.8%,48.9%,17.2%,0.99,27.3%,52.3%,20.3%,-8.4,-2.9%,-69.5,28%,62%,37%,2015,Chicago White Sox,No
6,.319,91,.290,.146,2.7%,20.3%,8.0%,29.1%,43.0%,19.5%,0.79,26.3%,53.7%,20.0%,-11.1,-2.4%,-41.9,27%,78%,33%,2015,Cincinnati Reds,No
7,.322,91,.299,.144,2.3%,18.9%,8.7%,26.4%,44.6%,20.1%,0.84,31.1%,51.5%,17.5%,-6.6,-3.1%,-46.4,29%,75%,38%,2015,Cleveland Indians,No
8,.332,86,.313,.167,3.1%,21.1%,6.4%,29.4%,44.2%,17.3%,0.82,25.4%,55.3%,19.3%,2.3,0.0%,18.5,32%,69%,46%,2015,Colorado Rockies,No
9,.328,105,.322,.150,2.5%,20.4%,7.4%,26.6%,42.8%,23.0%,0.77,24.6%,54.0%,21.4%,-1.2,-1.3%,-13.3,28%,62%,34%,2015,Detroit Tigers,No
10,.332,108,.292,.187,3.8%,22.9%,8.0%,25.6%,41.5%,23.6%,0.73,30.7%,50.9%,18.4%,1.2,1.4%,43.4,29%,72%,43%,2015,Houston Astros,Yes
11,.326,97,.301,.144,2.3%,15.9%,6.3%,25.5%,44.7%,21.3%,0.83,27.3%,53.6%,19.2%,4.5,1.8%,13.6,32%,75%,44%,2015,Kansas City Royals,No
12,.311,97,.280,.150,2.9%,19.2%,7.3%,27.1%,45.1%,19.3%,0.85,27.6%,52.4%,20.1%,-0.6,-0.3%,-13.1,28%,60%,44%,2015,Los Angeles Angels of Anaheim,No
13,.329,106,.292,.163,3.1%,20.7%,9.2%,28.4%,43.4%,19.5%,0.80,27.8%,54.0%,18.2%,2.9,2.2%,17.3,27%,63%,37%,2015,Los Angeles Dodgers,No
14,.311,90,.307,.124,2.0%,19.2%,6.3%,25.1%,51.3%,15.4%,1.13,23.4%,54.5%,22.1%,-3.7,-1.6%,-39.1,28%,71%,39%,2015,Miami Marlins,No
15,.314,88,.303,.142,2.4%,21.6%,6.8%,27.1%,47.2%,17.8%,0.93,24.0%,52.6%,23.4%,-6.8,-1.7%,-17.9,30%,74%,43%,2015,Milwaukee Brewers,No
16,.313,92,.292,.152,2.6%,21.0%,7.3%,24.2%,44.4%,22.4%,0.83,27.7%,54.0%,18.3%,-1.6,-2.8%,-7.0,32%,65%,37%,2015,Minnesota Twins,No
17,.320,97,.287,.156,2.9%,21.0%,7.9%,27.4%,42.3%,21.8%,0.75,27.8%,52.7%,19.5%,0.2,-0.2%,22.4,29%,67%,40%,2015,New York Mets,No
18,.329,103,.283,.170,3.4%,19.6%,8.8%,25.0%,42.0%,23.4%,0.74,34.4%,50.4%,15.1%,-1.7,-1.0%,58.1,30%,72%,34%,2015,New York Yankees,Yes
19,.316,96,.288,.144,2.4%,18.1%,7.7%,26.7%,45.6%,19.1%,0.85,29.1%,51.2%,19.7%,-5.2,-1.4%,1.7,31%,73%,36%,2015,Oakland Athletics,No
20,.311,90,.299,.133,2.2%,21.1%,6.4%,28.0%,45.1%,18.0%,0.87,28.7%,54.0%,17.2%,-6.3,-2.1%,-39.5,29%,73%,38%,2015,Philadelphia Phillies,No
21,.323,96,.314,.136,2.2%,21.0%,7.3%,26.5%,47.2%,18.7%,0.94,26.3%,55.1%,18.6%,1.7,0.5%,19.1,29%,69%,41%,2015,Pittsburgh Pirates,Yes
22,.310,91,.292,.142,2.5%,22.1%,7.1%,25.9%,44.5%,20.3%,0.84,28.4%,53.1%,18.5%,-3.7,-1.6%,-11.0,30%,74%,42%,2015,San Diego Padres,No
23,.320,103,.292,.162,3.2%,21.8%,7.8%,26.9%,44.3%,20.9%,0.82,29.5%,50.5%,19.9%,-4.4,-2.7%,-34.1,26%,61%,34%,2015,Seattle Mariners,No
24,.328,100,.313,.139,2.2%,18.8%,7.4%,27.7%,47.8%,18.1%,0.95,25.1%,54.0%,20.9%,-0.5,-3.1%,27.7,30%,72%,41%,2015,San Francisco Giants,No
25,.321,93,.303,.142,2.2%,20.6%,8.2%,26.0%,46.4%,19.7%,0.89,27.6%,52.6%,19.8%,-1.4,1.2%,-25.0,27%,64%,39%,2015,St. Louis Cardinals,No
26,.317,99,.300,.154,2.8%,21.6%,7.2%,25.2%,43.2%,22.4%,0.78,29.8%,51.4%,18.8%,-6.3,-6.6%,-47.0,27%,66%,36%,2015,Tampa Bay Rays,No
27,.330,98,.300,.156,2.8%,19.9%,8.1%,26.4%,45.4%,18.4%,0.87,30.1%,52.9%,17.1%,3.7,4.4%,45.5,31%,72%,47%,2015,Texas Rangers,No
28,.351,115,.298,.188,3.7%,18.5%,9.2%,24.9%,44.7%,20.5%,0.84,28.8%,53.1%,18.1%,12.1,8.2%,187.5,34%,79%,38%,2015,Toronto Blue Jays,No
29,.326,96,.300,.151,2.9%,22.0%,8.8%,27.2%,47.1%,17.2%,0.93,26.1%,53.0%,20.9%,0.4,-0.6%,34.2,29%,71%,38%,2015,Washington Nationals,No
0,.334,91,.315,.171,3.0%,22.8%,7.4%,26.2%,48.4%,18.6%,0.97,25.1%,52.6%,22.3%,-0.4,-1.0%,2.4,31%,82%,43%,2016,Arizona Diamondbacks,No
1,.316,88,.305,.130,2.0%,20.0%,8.1%,27.1%,46.7%,18.0%,0.92,25.7%,52.8%,21.5%,-9.6,-2.0%,-66.0,28%,69%,38%,2016,Atlanta Braves,No
2,.331,101,.291,.188,4.2%,21.7%,7.7%,23.8%,42.7%,23.8%,0.76,30.4%,50.5%,19.2%,1.6,-0.5%,14.3,29%,59%,39%,2016,Baltimore Orioles,Yes
3,.354,113,.320,.179,3.3%,18.4%,8.8%,24.7%,44.8%,22.0%,0.82,31.3%,49.5%,19.2%,8.6,8.6%,136.7,33%,78%,43%,2016,Boston Red Sox,No
4,.342,104,.302,.173,3.1%,21.1%,10.4%,26.3%,42.0%,22.2%,0.75,33.1%,49.5%,17.4%,4.3,2.5%,97.5,31%,66%,43%,2016,Chicago Cubs,No
5,.320,99,.304,.153,2.7%,21.0%,7.4%,25.5%,45.7%,20.3%,0.86,29.5%,49.0%,21.5%,-1.5,-2.4%,-33.9,29%,68%,41%,2016,Chicago White Sox,No
6,.323,89,.303,.152,2.7%,21.1%,7.4%,28.6%,44.0%,19.2%,0.82,27.4%,53.5%,19.1%,-1.0,0.0%,-6.2,31%,73%,37%,2016,Cincinnati Reds,No
7,.337,97,.304,.168,3.0%,20.2%,8.6%,27.7%,42.9%,20.7%,0.77,31.4%,50.6%,18.1%,2.3,2.7%,25.7,32%,81%,45%,2016,Cleveland Indians,No
8,.347,95,.326,.182,3.3%,21.3%,7.9%,29.3%,43.6%,18.3%,0.81,27.1%,52.7%,20.2%,5.4,1.0%,81.9,34%,63%,44%,2016,Colorado Rockies,No
9,.335,106,.312,.171,3.4%,21.3%,8.1%,25.9%,42.1%,24.6%,0.74,26.7%,51.5%,21.8%,2.0,0.7%,29.0,29%,67%,34%,2016,Detroit Tigers,No
10,.325,105,.298,.170,3.2%,23.4%,8.9%,24.8%,43.9%,22.7%,0.81,31.3%,51.9%,16.8%,-2.9,-3.3%,7.1,29%,70%,43%,2016,Houston Astros,No
11,.316,88,.309,.139,2.4%,20.2%,6.3%,23.6%,46.5%,20.9%,0.90,26.6%,53.1%,20.3%,-4.8,-2.6%,-60.0,30%,78%,42%,2016,Kansas City Royals,No
12,.322,101,.289,.145,2.6%,16.4%,7.8%,25.0%,45.7%,21.6%,0.86,27.9%,51.0%,21.1%,0.1,-0.7%,13.2,31%,68%,39%,2016,Los Angeles Angels,No
13,.325,96,.294,.160,3.1%,21.4%,8.5%,25.8%,46.3%,20.3%,0.89,28.1%,52.4%,19.5%,1.5,1.5%,17.2,30%,63%,43%,2016,Los Angeles Dodgers,No
14,.321,97,.314,.131,2.1%,19.8%,7.3%,26.5%,48.6%,17.3%,0.99,24.9%,54.2%,21.0%,-1.5,-2.2%,-33.1,28%,72%,39%,2016,Miami Marlins,No
15,.326,90,.304,.163,3.2%,25.5%,9.9%,25.6%,46.4%,19.6%,0.91,25.2%,52.2%,22.5%,-9.2,-1.7%,-49.8,27%,76%,40%,2016,Milwaukee Brewers,No
16,.324,97,.300,.171,3.2%,22.8%,8.2%,24.1%,42.3%,24.2%,0.76,30.0%,51.0%,18.9%,-8.8,-1.8%,-21.5,29%,74%,43%,2016,Minnesota Twins,No
17,.324,96,.282,.171,3.6%,21.3%,8.5%,26.7%,39.8%,24.0%,0.68,30.1%,52.6%,17.3%,-5.8,-3.9%,-28.5,26%,70%,34%,2016,New York Mets,Yes
18,.318,89,.289,.153,3.0%,19.6%,7.8%,24.2%,45.1%,22.3%,0.84,31.5%,52.4%,16.2%,-3.3,-3.7%,-57.8,29%,77%,37%,2016,New York Yankees,No
19,.310,91,.280,.149,2.8%,19.0%,7.3%,26.4%,42.6%,22.6%,0.76,29.8%,49.5%,20.8%,-5.7,-1.7%,-61.8,29%,68%,38%,2016,Oakland Athletics,No
20,.307,81,.291,.144,2.7%,23.0%,7.1%,24.9%,46.5%,19.4%,0.92,27.6%,53.2%,19.2%,-7.7,-3.8%,-100.4,27%,68%,39%,2016,Philadelphia Phillies,No
21,.330,98,.311,.144,2.4%,21.3%,9.0%,26.0%,46.8%,19.8%,0.91,28.2%,51.1%,20.6%,0.3,-0.8%,10.7,30%,71%,35%,2016,Pittsburgh Pirates,No
22,.308,85,.291,.155,3.0%,25.0%,7.5%,25.6%,44.8%,20.3%,0.84,29.4%,51.3%,19.3%,-8.6,-3.7%,-18.5,31%,74%,50%,2016,San Diego Padres,No
23,.330,106,.297,.171,3.6%,20.7%,8.1%,25.0%,46.0%,20.0%,0.89,31.7%,49.0%,19.2%,2.1,0.6%,47.7,30%,67%,38%,2016,Seattle Mariners,No
24,.325,97,.299,.140,2.1%,17.7%,9.1%,27.0%,45.1%,19.7%,0.85,28.6%,50.6%,20.8%,-3.3,-3.4%,4.7,30%,69%,39%,2016,San Francisco Giants,Yes
25,.339,106,.294,.187,3.6%,21.2%,8.5%,25.2%,42.7%,23.9%,0.77,29.5%,51.6%,18.9%,6.5,4.0%,72.2,30%,57%,38%,2016,St. Louis Cardinals,No
26,.319,100,.293,.182,3.6%,24.5%,7.4%,23.2%,41.4%,25.5%,0.72,33.6%,47.4%,19.0%,-8.9,-1.7%,-43.0,28%,62%,40%,2016,Tampa Bay Rays,No
27,.332,96,.298,.172,3.5%,20.0%,7.2%,24.7%,44.9%,21.3%,0.83,32.1%,49.4%,18.5%,9.4,5.2%,23.2,31%,73%,43%,2016,Texas Rangers,No
28,.332,102,.289,.178,3.6%,21.9%,10.1%,24.4%,43.0%,22.4%,0.77,28.4%,50.4%,21.2%,-1.4,-0.6%,15.5,29%,69%,38%,2016,Toronto Blue Jays,Yes
29,.331,94,.293,.170,3.3%,20.2%,8.6%,26.2%,43.5%,21.4%,0.80,28.9%,52.6%,18.5%,4.5,2.6%,42.9,31%,76%,43%,2016,Washington Nationals,No
0,.339,93,.306,.190,3.5%,23.4%,9.3%,25.5%,44.8%,22.0%,0.84,27.4%,54.7%,17.9%,0.1,-0.6%,48.4,32%,77%,45%,2017,Arizona Diamondbacks,Yes
1,.325,90,.305,.150,2.7%,19.1%,7.6%,25.5%,46.1%,20.9%,0.90,27.6%,53.5%,19.0%,-1.9,0.1%,-11.8,30%,71%,45%,2017,Atlanta Braves,No
2,.326,100,.306,.175,3.8%,23.0%,6.4%,25.7%,43.9%,21.6%,0.79,29.3%,52.7%,18.0%,-2.1,-0.1%,-11.1,30%,71%,37%,2017,Baltimore Orioles,No
3,.326,91,.300,.149,2.7%,19.3%,9.0%,25.1%,45.4%,20.8%,0.84,27.2%,53.9%,18.9%,-2.4,-1.4%,-6.1,32%,77%,43%,2017,Boston Red Sox,No
4,.341,100,.302,.182,3.6%,22.3%,9.9%,24.6%,44.8%,21.8%,0.84,31.9%,51.2%,16.9%,1.8,2.5%,69.7,32%,67%,42%,2017,Chicago Cubs,No
5,.322,97,.309,.161,3.1%,23.1%,6.6%,24.4%,46.8%,20.6%,0.91,27.9%,52.5%,19.7%,-6.7,-2.1%,-42.8,30%,70%,39%,2017,Chicago White Sox,No
6,.334,96,.294,.179,3.5%,21.4%,9.1%,25.1%,42.1%,23.0%,0.76,29.4%,52.3%,18.3%,-6.0,-1.2%,4.2,29%,75%,33%,2017,Cincinnati Reds,No
7,.344,103,.295,.186,3.4%,18.5%,9.7%,25.5%,42.9%,23.1%,0.77,31.6%,51.8%,16.6%,-1.3,-2.9%,48.4,31%,79%,38%,2017,Cleveland Indians,No
8,.341,88,.332,.171,3.1%,22.7%,8.4%,25.8%,45.5%,20.9%,0.87,25.8%,54.3%,19.9%,-2.5,-0.9%,30.2,33%,63%,44%,2017,Colorado Rockies,Yes
9,.328,98,.306,.166,3.0%,21.4%,8.2%,27.7%,42.8%,22.8%,0.75,26.7%,52.1%,21.2%,-6.5,-0.6%,-28.2,30%,66%,37%,2017,Detroit Tigers,No
10,.357,126,.309,.196,3.8%,17.3%,8.1%,24.8%,43.8%,23.0%,0.79,29.1%,53.4%,17.5%,13.6,5.5%,166.7,34%,70%,39%,2017,Houston Astros,No
11,.321,91,.295,.160,3.2%,19.4%,6.5%,27.6%,41.1%,22.4%,0.71,27.5%,53.3%,19.2%,-2.6,-0.8%,-58.0,30%,75%,40%,2017,Kansas City Royals,No
12,.316,92,.277,.155,3.1%,19.7%,8.6%,23.3%,46.3%,22.5%,0.88,29.7%,53.0%,17.3%,-1.1,-1.8%,-32.0,30%,76%,42%,2017,Los Angeles Angels,No
13,.337,104,.293,.188,3.6%,22.3%,10.5%,25.0%,42.8%,24.6%,0.77,29.4%,52.3%,18.3%,6.8,3.7%,47.6,30%,73%,38%,2017,Los Angeles Dodgers,No
14,.332,107,.313,.163,3.1%,20.5%,7.8%,24.1%,48.7%,18.6%,1.00,26.6%,54.4%,19.0%,4.4,0.1%,65.4,31%,75%,39%,2017,Miami Marlins,No
15,.330,93,.308,.180,3.7%,25.6%,8.9%,25.2%,45.2%,21.7%,0.86,27.6%,52.7%,19.6%,-0.6,-3.2%,-15.9,29%,76%,35%,2017,Milwaukee Brewers,No
16,.337,104,.306,.174,3.3%,21.4%,9.5%,25.6%,41.3%,23.5%,0.73,31.4%,50.8%,17.8%,5.2,3.6%,60.2,32%,77%,42%,2017,Minnesota Twins,Yes
17,.329,101,.286,.184,3.6%,20.9%,8.6%,25.2%,40.2%,24.8%,0.69,29.1%,53.6%,17.3%,-2.1,-0.7%,13.9,29%,72%,35%,2017,New York Mets,No
18,.348,108,.304,.185,3.8%,21.8%,9.7%,25.1%,43.0%,23.2%,0.77,30.1%,52.3%,17.6%,2.7,2.1%,88.9,32%,80%,39%,2017,New York Yankees,Yes
19,.330,105,.294,.190,3.8%,24.3%,9.2%,27.2%,38.3%,25.8%,0.63,28.5%,52.5%,19.0%,4.9,-1.0%,3.4,29%,72%,35%,2017,Oakland Athletics,No
20,.320,90,.304,.159,2.8%,23.1%,8.1%,25.4%,45.5%,20.7%,0.86,28.1%,51.9%,20.0%,-8.5,-1.3%,-49.8,29%,70%,37%,2017,Philadelphia Phillies,No
21,.313,86,.286,.142,2.5%,19.8%,8.5%,25.1%,46.6%,20.9%,0.90,26.5%,53.7%,19.9%,-5.1,-1.7%,-70.8,29%,65%,40%,2017,Pittsburgh Pirates,No
22,.306,82,.287,.160,3.2%,25.2%,7.7%,24.4%,42.1%,21.4%,0.77,29.5%,52.1%,18.4%,-6.9,-2.0%,-129.6,26%,73%,43%,2017,San Diego Padres,No
23,.328,103,.300,.165,3.2%,20.6%,7.9%,24.9%,44.0%,22.7%,0.80,28.4%,54.1%,17.6%,1.2,-0.3%,9.5,30%,72%,37%,2017,Seattle Mariners,No
24,.305,79,.294,.132,2.1%,19.6%,7.6%,24.0%,46.5%,20.7%,0.90,27.1%,53.7%,19.1%,-14.3,-2.9%,-116.1,29%,69%,41%,2017,San Francisco Giants,No
25,.334,99,.304,.170,3.2%,21.7%,9.5%,25.8%,42.6%,23.1%,0.77,28.3%,54.4%,17.3%,-2.4,-2.0%,19.0,30%,72%,40%,2017,St. Louis Cardinals,No
26,.321,98,.296,.178,3.7%,25.0%,8.9%,23.9%,43.1%,23.5%,0.78,29.7%,52.3%,17.9%,-5.3,-3.5%,-53.9,27%,72%,40%,2017,Tampa Bay Rays,No
27,.329,90,.291,.186,3.9%,24.4%,8.9%,23.5%,43.1%,24.1%,0.78,32.3%,51.7%,16.1%,-1.6,-1.1%,12.9,32%,72%,44%,2017,Texas Rangers,No
28,.318,90,.276,.172,3.6%,21.6%,8.8%,23.7%,43.7%,23.5%,0.79,28.0%,54.0%,17.9%,-7.9,-2.5%,-83.8,27%,69%,35%,2017,Toronto Blue Jays,No
29,.341,98,.311,.183,3.5%,21.4%,8.7%,25.4%,43.3%,22.9%,0.79,28.3%,53.0%,18.7%,3.4,4.6%,74.2,32%,78%,41%,2017,Washington Nationals,No
0,.317,84,.286,.162,2.9%,23.7%,9.1%,25.5%,43.3%,22.6%,0.79,29.4%,52.4%,18.2%,-2.5,-2.1%,-30.1,30%,76%,45%,2018,Arizona Diamondbacks,No
1,.330,98,.302,.161,2.8%,20.6%,8.2%,26.0%,42.3%,23.1%,0.76,30.8%,51.1%,18.1%,2.5,2.3%,54.7,31%,71%,44%,2018,Atlanta Braves,No
2,.305,88,.286,.152,3.1%,23.4%,7.0%,24.0%,44.2%,22.9%,0.81,27.4%,53.0%,19.7%,-19.2,-1.8%,-115.5,27%,79%,41%,2018,Baltimore Orioles,No
3,.350,113,.309,.185,3.3%,19.9%,9.0%,25.2%,43.7%,23.5%,0.78,29.5%,51.9%,18.6%,15.0,6.8%,136.0,34%,80%,37%,2018,Boston Red Sox,No
4,.330,96,.313,.152,2.6%,21.8%,9.0%,25.4%,45.8%,20.1%,0.88,29.2%,52.1%,18.7%,0.3,-2.6%,44.1,30%,63%,43%,2018,Chicago Cubs,Yes
5,.311,92,.304,.160,3.0%,26.3%,7.0%,25.3%,44.8%,21.6%,0.83,28.1%,52.7%,19.3%,-9.2,-2.1%,-80.4,28%,71%,41%,2018,Chicago White Sox,No
6,.325,93,.307,.148,2.8%,22.1%,9.0%,27.0%,40.4%,23.7%,0.71,27.6%,53.2%,19.2%,-6.5,-1.9%,-15.0,28%,70%,35%,2018,Cincinnati Reds,No
7,.339,106,.291,.176,3.4%,18.9%,8.8%,26.3%,40.5%,24.3%,0.70,30.6%,52.8%,16.6%,-0.9,0.7%,73.3,31%,79%,41%,2018,Cleveland Indians,No
8,.337,89,.304,.179,3.4%,22.6%,8.2%,24.9%,45.5%,21.9%,0.87,26.9%,53.7%,19.5%,5.9,2.8%,30.4,32%,74%,47%,2018,Colorado Rockies,Yes
9,.304,83,.293,.138,2.2%,22.2%,7.1%,26.2%,42.5%,21.8%,0.76,28.5%,51.8%,19.7%,-10.8,-3.5%,-113.6,29%,70%,39%,2018,Detroit Tigers,No
10,.333,107,.289,.170,3.3%,19.5%,9.2%,24.2%,42.0%,24.4%,0.74,29.8%,54.0%,16.1%,3.2,3.1%,74.5,32%,73%,39%,2018,Houston Astros,No
11,.311,89,.293,.146,2.6%,21.6%,7.0%,25.8%,41.2%,24.3%,0.72,28.8%,52.8%,18.5%,-14.3,-2.3%,-103.5,29%,75%,41%,2018,Kansas City Royals,No
12,.320,98,.277,.171,3.5%,21.3%,8.4%,25.3%,41.6%,24.2%,0.72,31.0%,52.8%,16.2%,-0.4,-0.3%,-4.6,29%,80%,42%,2018,Los Angeles Angels,No
13,.344,111,.294,.191,3.7%,22.6%,10.2%,25.2%,40.3%,25.2%,0.69,29.4%,52.7%,17.9%,2.4,5.9%,100.7,30%,76%,45%,2018,Los Angeles Dodgers,No
14,.301,85,.293,.119,2.1%,22.8%,7.5%,24.6%,47.3%,19.4%,0.93,25.4%,55.7%,18.9%,-10.5,-1.7%,-91.0,27%,59%,40%,2018,Miami Marlins,No
15,.335,100,.302,.172,3.5%,23.5%,8.7%,24.5%,45.8%,21.8%,0.87,26.5%,54.4%,19.1%,7.4,6.5%,46.7,30%,79%,39%,2018,Milwaukee Brewers,No
16,.317,94,.298,.155,2.7%,21.6%,8.7%,25.2%,40.2%,25.2%,0.68,30.2%,52.1%,17.7%,-0.7,-2.4%,-0.2,32%,64%,46%,2018,Minnesota Twins,No
17,.315,97,.283,.154,2.8%,22.7%,9.2%,23.7%,41.8%,24.4%,0.73,28.8%,53.2%,18.0%,-7.3,-1.3%,-8.5,29%,65%,44%,2018,New York Mets,No
18,.341,112,.285,.202,4.3%,22.7%,10.0%,23.3%,41.8%,26.1%,0.73,29.2%,53.2%,17.6%,10.3,5.6%,120.1,32%,75%,41%,2018,New York Yankees,Yes
19,.334,111,.294,.187,3.6%,22.1%,8.8%,25.6%,40.1%,25.8%,0.67,28.6%,52.7%,18.7%,3.8,0.3%,86.7,32%,63%,45%,2018,Oakland Athletics,Yes
20,.316,87,.289,.158,3.0%,24.8%,9.5%,23.2%,42.5%,23.9%,0.76,30.5%,51.2%,18.2%,-5.6,-4.2%,-29.9,28%,73%,38%,2018,Philadelphia Phillies,No
21,.321,97,.298,.154,2.6%,20.3%,7.8%,25.1%,43.6%,22.6%,0.80,27.9%,52.0%,20.1%,-1.0,0.1%,9.8,30%,65%,41%,2018,Pittsburgh Pirates,No
22,.303,86,.294,.145,2.7%,25.1%,7.8%,24.0%,46.2%,20.1%,0.89,27.8%,54.0%,18.1%,-9.6,-1.9%,-73.9,28%,73%,39%,2018,San Diego Padres,No
23,.318,102,.295,.154,2.9%,20.1%,7.1%,24.5%,45.1%,22.6%,0.85,29.0%,53.0%,18.0%,1.4,0.6%,-36.4,28%,68%,38%,2018,Seattle Mariners,No
24,.299,84,.299,.129,2.2%,24.0%,7.3%,25.6%,44.3%,21.7%,0.82,27.0%,52.8%,20.2%,-8.8,-2.0%,-83.3,28%,69%,40%,2018,San Francisco Giants,No
25,.324,98,.294,.160,3.3%,22.3%,8.5%,24.9%,42.6%,24.0%,0.77,28.1%,53.1%,18.9%,6.6,4.0%,67.0,31%,66%,41%,2018,St. Louis Cardinals,No
26,.328,105,.317,.148,2.4%,22.4%,8.7%,25.2%,45.5%,20.8%,0.86,26.8%,52.2%,21.0%,-3.3,-3.2%,-3.6,29%,72%,40%,2018,Tampa Bay Rays,No
27,.321,88,.292,.164,3.2%,24.1%,9.0%,24.2%,43.4%,23.3%,0.80,28.7%,53.0%,18.3%,-7.2,-1.7%,-27.4,30%,68%,42%,2018,Texas Rangers,No
28,.324,102,.286,.183,3.6%,22.8%,8.2%,25.0%,41.5%,24.9%,0.71,29.0%,52.3%,18.8%,-0.7,-0.4%,-15.8,29%,61%,35%,2018,Toronto Blue Jays,No
29,.335,96,.297,.164,3.0%,20.5%,10.0%,25.0%,43.5%,22.0%,0.80,27.7%,53.4%,18.9%,-1.9,-4.1%,55.9,30%,78%,39%,2018,Washington Nationals,No
0,.329,93,.293,.182,3.5%,21.5%,8.6%,24.4%,43.0%,24.2%,0.78,29.8%,52.9%,17.3%,-1.8,-2.7%,38.0,32%,86%,44%,2019,Arizona Diamondbacks,No
1,.342,98,.305,.195,4.0%,23.3%,9.8%,27.4%,40.3%,25.0%,0.69,30.7%,50.5%,18.8%,7.1,6.5%,80.4,32%,76%,45%,2019,Atlanta Braves,No
2,.316,90,.293,.168,3.4%,23.2%,7.5%,24.4%,43.6%,22.7%,0.80,29.9%,53.1%,17.1%,-11.5,-2.3%,-80.7,30%,74%,40%,2019,Baltimore Orioles,No
3,.347,107,.313,.197,3.8%,21.3%,9.1%,24.7%,43.0%,24.9%,0.76,28.5%,52.8%,18.7%,1.3,1.1%,77.7,33%,69%,44%,2019,Boston Red Sox,No
4,.337,101,.297,.200,4.1%,23.6%,9.4%,24.6%,45.3%,22.3%,0.85,28.6%,52.9%,18.5%,1.7,1.2%,52.6,31%,65%,44%,2019,Chicago Cubs,No
5,.318,94,.329,.153,3.0%,25.6%,6.3%,25.9%,45.6%,20.8%,0.86,27.2%,52.9%,20.0%,-4.6,-0.3%,-70.2,30%,69%,40%,2019,Chicago White Sox,No
6,.320,83,.288,.178,3.7%,23.5%,8.1%,24.7%,41.5%,24.9%,0.73,28.7%,51.2%,20.1%,-13.3,-4.6%,-79.4,28%,68%,38%,2019,Cincinnati Reds,No
7,.326,93,.289,.183,3.6%,21.8%,9.2%,23.7%,42.3%,24.6%,0.76,31.5%,51.6%,17.0%,-2.5,-2.8%,-30.8,31%,75%,42%,2019,Cleveland Indians,No
8,.337,86,.321,.190,3.6%,23.9%,7.8%,26.2%,41.9%,23.4%,0.75,27.0%,53.4%,19.6%,-2.1,0.3%,10.3,34%,70%,46%,2019,Colorado Rockies,No
9,.297,76,.308,.148,2.5%,26.4%,6.5%,26.4%,41.7%,23.7%,0.73,27.4%,53.5%,19.1%,-21.5,-3.1%,-228.9,26%,74%,42%,2019,Detroit Tigers,No
10,.360,119,.296,.221,4.5%,18.2%,10.1%,25.6%,41.0%,24.2%,0.71,30.5%,53.1%,16.5%,6.6,3.1%,119.5,32%,71%,33%,2019,Houston Astros,No
11,.310,84,.301,.154,2.7%,23.1%,7.5%,25.0%,43.8%,22.7%,0.80,28.6%,52.7%,18.7%,-12.4,-1.4%,-113.1,31%,75%,40%,2019,Kansas City Royals,No
12,.324,96,.281,.175,3.5%,20.4%,9.4%,25.1%,43.1%,23.4%,0.76,31.8%,51.1%,17.2%,-5.7,-0.8%,-32.3,30%,76%,37%,2019,Los Angeles Angels,No
13,.347,111,.291,.215,4.4%,21.6%,9.7%,25.3%,40.1%,25.7%,0.69,31.0%,51.6%,17.4%,11.9,5.2%,139.0,33%,85%,40%,2019,Los Angeles Dodgers,No
14,.297,76,.300,.134,2.4%,24.3%,6.5%,23.8%,48.1%,21.3%,0.95,24.1%,55.8%,20.1%,-17.5,-3.1%,-147.7,28%,65%,36%,2019,Miami Marlins,No
15,.332,96,.296,.192,4.0%,24.8%,10.0%,24.5%,43.4%,24.4%,0.78,27.5%,52.8%,19.6%,1.0,-0.9%,-4.0,28%,80%,39%,2019,Milwaukee Brewers,Yes
16,.353,118,.300,.224,4.8%,20.9%,8.2%,26.7%,38.4%,26.0%,0.63,31.6%,51.9%,16.5%,10.0,7.1%,147.8,34%,57%,40%,2019,Minnesota Twins,No
17,.334,106,.299,.185,3.9%,22.0%,8.2%,25.3%,44.5%,22.5%,0.83,27.3%,54.0%,18.7%,3.6,0.1%,45.9,30%,67%,38%,2019,New York Mets,No
18,.352,118,.306,.222,4.9%,23.0%,9.1%,25.4%,41.7%,24.9%,0.72,27.5%,54.1%,18.4%,13.6,8.4%,171.7,35%,71%,40%,2019,New York Yankees,No
19,.335,110,.282,.199,4.1%,21.3%,9.2%,24.9%,41.2%,25.4%,0.71,30.1%,52.1%,17.8%,7.0,5.9%,71.6,33%,70%,42%,2019,Oakland Athletics,Yes
20,.324,90,.293,.181,3.4%,23.2%,9.0%,24.8%,42.0%,22.9%,0.75,28.4%,53.4%,18.3%,-1.7,-0.1%,0.2,31%,81%,40%,2019,Philadelphia Phillies,No
21,.323,94,.309,.156,2.6%,19.5%,6.8%,25.5%,46.1%,20.7%,0.88,27.0%,53.1%,19.9%,-0.5,-0.3%,-4.1,32%,69%,42%,2019,Pittsburgh Pirates,No
22,.312,89,.293,.172,3.6%,26.3%,8.4%,22.4%,45.3%,22.4%,0.86,27.3%,54.7%,18.0%,-10.3,-2.7%,-62.4,28%,65%,45%,2019,San Diego Padres,No
23,.321,100,.287,.187,3.9%,25.5%,9.5%,24.9%,40.5%,25.5%,0.69,29.5%,51.5%,19.0%,-3.2,0.2%,-18.8,30%,71%,40%,2019,Seattle Mariners,No
24,.304,83,.290,.153,2.7%,23.3%,7.7%,25.6%,42.5%,23.7%,0.76,28.7%,52.2%,19.2%,-11.0,-4.0%,-84.6,30%,63%,41%,2019,San Francisco Giants,No
25,.327,96,.292,.170,3.4%,23.0%,9.1%,24.9%,40.8%,24.5%,0.71,28.1%,54.6%,17.3%,0.7,2.0%,19.9,31%,80%,43%,2019,St. Louis Cardinals,No
26,.327,102,.306,.178,3.5%,23.8%,8.6%,25.6%,44.5%,22.6%,0.81,28.3%,52.5%,19.3%,-2.1,-1.1%,-15.6,30%,72%,41%,2019,Tampa Bay Rays,Yes
27,.328,88,.304,.183,3.6%,25.4%,8.6%,25.6%,42.9%,23.1%,0.77,28.7%,52.7%,18.7%,-3.8,-1.1%,-21.4,33%,78%,41%,2019,Texas Rangers,No
28,.316,93,.280,.192,4.1%,24.9%,8.4%,24.4%,39.9%,25.9%,0.67,30.9%,52.8%,16.3%,-10.1,-3.3%,-65.6,29%,72%,38%,2019,Toronto Blue Jays,No
29,.346,104,.306,.190,3.7%,20.9%,9.3%,25.0%,40.4%,24.5%,0.71,29.6%,52.4%,18.0%,8.9,4.9%,113.5,34%,80%,41%,2019,Washington Nationals,Yes
0,.314,89,.282,.150,2.6%,20.6%,8.1%,27.8%,43.7%,20.4%,0.79,31.3%,53.0%,15.7%,-2.3,-1.8%,-11.7,32%,77%,48%,2020,Arizona Diamondbacks,No
1,.364,117,.322,.215,4.4%,24.5%,10.2%,31.2%,39.0%,22.8%,0.64,30.7%,51.6%,17.7%,1.9,1.3%,52.3,34%,85%,46%,2020,Atlanta Braves,No
2,.330,102,.309,.171,3.4%,22.9%,7.3%,29.0%,40.5%,18.8%,0.71,31.0%,52.0%,17.0%,-3.5,-1.9%,-15.4,30%,58%,39%,2020,Baltimore Orioles,No
3,.340,103,.321,.180,3.5%,23.7%,8.1%,27.6%,44.8%,21.4%,0.82,28.4%,55.9%,15.7%,-0.6,-1.3%,-5.1,31%,78%,42%,2020,Boston Red Sox,No
4,.319,93,.270,.167,3.3%,25.7%,10.3%,26.4%,46.5%,19.1%,0.88,29.6%,55.9%,14.5%,-2.9,-0.6%,-20.1,30%,71%,53%,2020,Chicago Cubs,No
5,.342,112,.314,.192,4.2%,25.2%,7.9%,28.4%,45.8%,18.3%,0.85,26.6%,54.5%,18.9%,1.6,1.4%,22.8,32%,71%,43%,2020,Chicago White Sox,Yes
6,.318,83,.245,.191,4.2%,25.2%,11.3%,26.9%,41.0%,26.5%,0.70,31.6%,52.8%,15.6%,-3.3,-2.4%,-40.4,26%,76%,40%,2020,Cincinnati Reds,Yes
7,.308,87,.277,.144,2.6%,23.0%,10.6%,27.4%,43.8%,19.3%,0.80,30.7%,50.8%,18.5%,-4.3,-2.7%,-41.7,28%,71%,40%,2020,Cleveland Indians,Yes
8,.317,77,.316,.148,2.8%,24.1%,7.1%,28.9%,40.6%,21.4%,0.70,27.1%,53.5%,19.4%,-4.0,-2.5%,-33.9,33%,82%,51%,2020,Colorado Rockies,No
9,.310,89,.314,.152,3.0%,27.3%,7.1%,29.6%,43.6%,18.9%,0.78,27.6%,54.5%,17.8%,-2.1,-0.1%,-20.6,32%,76%,42%,2020,Detroit Tigers,No
10,.320,95,.273,.168,3.1%,19.7%,8.6%,28.5%,40.7%,21.8%,0.70,32.7%,52.3%,15.1%,-2.1,-1.3%,-11.3,33%,67%,40%,2020,Houston Astros,Yes
11,.317,90,.297,.158,3.1%,24.0%,7.8%,29.1%,42.7%,18.5%,0.78,29.7%,55.0%,15.3%,-6.1,-3.1%,-37.4,29%,71%,48%,2020,Kansas City Royals,No
12,.335,106,.284,.182,3.7%,21.2%,10.4%,28.2%,42.4%,20.8%,0.74,31.0%,51.6%,17.4%,-0.9,-1.2%,4.4,30%,72%,41%,2020,Los Angeles Angels,No
13,.358,120,.276,.227,5.1%,20.3%,9.8%,29.3%,39.2%,24.7%,0.65,31.8%,51.5%,16.8%,5.9,0.6%,58.6,35%,78%,41%,2020,Los Angeles Dodgers,No
14,.320,92,.306,.141,2.8%,24.8%,8.8%,26.4%,47.7%,18.8%,0.93,27.5%,53.9%,18.6%,-2.0,-1.1%,-13.0,32%,78%,42%,2020,Miami Marlins,Yes
15,.312,86,.278,.166,3.4%,26.6%,10.1%,31.4%,44.0%,17.8%,0.79,28.3%,55.6%,16.1%,-5.3,-6.3%,-42.9,28%,58%,35%,2020,Milwaukee Brewers,Yes
16,.324,102,.283,.186,4.2%,24.4%,8.6%,28.4%,39.2%,23.6%,0.65,31.5%,49.7%,18.8%,-0.3,0.3%,-2.7,29%,67%,43%,2020,Minnesota Twins,No
17,.352,121,.320,.187,3.8%,21.9%,8.6%,28.6%,46.2%,18.5%,0.86,27.5%,54.7%,17.8%,-1.1,-0.6%,7.3,28%,67%,33%,2020,New York Mets,No
18,.349,120,.280,.200,4.3%,21.7%,11.4%,29.1%,44.1%,19.9%,0.80,28.8%,54.0%,17.2%,2.0,1.8%,46.6,33%,79%,42%,2020,New York Yankees,Yes
19,.321,101,.271,.171,3.2%,23.8%,10.8%,28.7%,37.6%,23.5%,0.61,31.5%,51.7%,16.8%,-0.5,0.0%,1.8,31%,90%,48%,2020,Oakland Athletics,No
20,.347,111,.299,.183,3.7%,21.6%,10.3%,27.5%,41.3%,21.6%,0.73,29.1%,52.9%,18.0%,2.5,1.9%,31.2,33%,81%,45%,2020,Philadelphia Phillies,No
21,.285,71,.268,.137,2.8%,24.4%,7.8%,26.7%,46.9%,19.7%,0.90,26.7%,55.9%,17.4%,-7.5,-2.6%,-69.4,29%,59%,37%,2020,Pittsburgh Pirates,No
22,.348,118,.291,.209,4.3%,21.5%,9.1%,29.8%,43.4%,19.0%,0.79,29.8%,53.8%,16.5%,5.3,3.0%,50.0,35%,81%,43%,2020,San Diego Padres,Yes
23,.306,91,.281,.144,2.8%,25.0%,9.5%,26.8%,43.7%,20.7%,0.78,27.3%,54.8%,18.0%,-1.4,-1.0%,-18.8,31%,76%,50%,2020,Seattle Mariners,No
24,.344,115,.311,.187,3.6%,22.1%,8.6%,29.6%,40.7%,22.0%,0.69,30.6%,52.2%,17.1%,1.0,-0.4%,16.7,32%,70%,34%,2020,San Francisco Giants,No
25,.310,93,.290,.137,2.5%,23.7%,10.2%,28.6%,42.2%,21.0%,0.74,30.1%,53.8%,16.2%,-2.4,-1.8%,-14.3,31%,64%,45%,2020,St. Louis Cardinals,Yes
26,.334,111,.300,.187,3.5%,26.9%,10.8%,28.0%,43.7%,20.3%,0.78,32.1%,51.9%,16.0%,2.6,1.7%,14.9,31%,84%,51%,2020,Tampa Bay Rays,No
27,.291,77,.266,.147,2.9%,25.5%,7.8%,25.3%,44.0%,20.9%,0.80,28.2%,54.7%,17.1%,-4.4,-1.7%,-55.4,29%,78%,43%,2020,Texas Rangers,No
28,.341,110,.297,.186,3.9%,22.5%,9.0%,28.0%,43.3%,21.4%,0.78,29.8%,52.0%,18.2%,1.0,0.5%,15.2,33%,85%,35%,2020,Toronto Blue Jays,Yes
29,.336,106,.308,.170,3.0%,20.3%,8.7%,29.3%,43.7%,19.7%,0.79,26.4%,55.1%,18.5%,-3.6,-2.7%,12.1,33%,73%,34%,2020,Washington Nationals,No
0,.308,86,.295,.146,2.3%,23.8%,8.7%,23.6%,42.5%,25.0%,0.76,29.2%,52.3%,18.5%,-10.4,-1.1%,-66.9,30%,73%,43%,2021,Arizona Diamondbacks,No
1,.330,94,.288,.191,4.0%,24.0%,9.1%,24.1%,40.1%,27.9%,0.68,29.5%,54.3%,16.2%,-0.9,0.5%,41.9,33%,76%,44%,2021,Atlanta Braves,No
2,.308,90,.290,.163,3.3%,24.3%,7.5%,23.9%,41.4%,25.6%,0.72,28.6%,53.1%,18.3%,-12.6,-2.7%,-99.8,28%,70%,39%,2021,Baltimore Orioles,No
3,.337,104,.309,.188,3.6%,22.6%,8.4%,25.0%,40.5%,26.4%,0.69,28.0%,52.8%,19.2%,5.8,4.8%,56.0,34%,66%,41%,2021,Boston Red Sox,Yes
4,.320,92,.296,.171,3.5%,26.7%,8.4%,21.7%,44.2%,25.7%,0.82,29.2%,53.5%,17.3%,-4.5,-4.5%,-30.4,30%,70%,40%,2021,Chicago Cubs,No
5,.336,108,.310,.166,3.1%,22.8%,9.6%,24.2%,45.9%,23.5%,0.86,27.2%,54.1%,18.7%,4.1,3.3%,59.6,32%,74%,44%,2021,Chicago White Sox,No
6,.334,93,.296,.182,3.6%,23.1%,9.0%,24.0%,41.8%,26.6%,0.74,30.1%,52.4%,17.5%,-5.1,-4.8%,-1.4,31%,60%,35%,2021,Cincinnati Reds,No
7,.314,94,.282,.169,3.4%,23.5%,7.7%,23.6%,43.4%,24.2%,0.78,28.4%,54.2%,17.4%,-4.6,-2.2%,-28.7,32%,87%,43%,2021,Cleveland Indians,No
8,.323,83,.299,.165,3.0%,22.6%,8.2%,22.7%,44.0%,25.3%,0.82,25.0%,56.0%,19.0%,-3.5,-1.2%,-30.8,32%,77%,45%,2021,Colorado Rockies,No
9,.311,95,.300,.158,3.0%,25.3%,8.2%,24.8%,41.5%,26.5%,0.72,29.1%,51.9%,19.0%,-6.7,-2.6%,-46.0,31%,78%,41%,2021,Detroit Tigers,No
10,.341,113,.303,.177,3.5%,19.4%,9.0%,25.2%,40.6%,26.6%,0.69,29.1%,54.2%,16.7%,4.6,4.2%,106.6,33%,77%,36%,2021,Houston Astros,No
11,.310,88,.292,.147,2.7%,21.0%,7.0%,22.9%,42.8%,26.3%,0.77,29.0%,54.7%,16.3%,-4.4,-1.8%,-77.8,31%,79%,39%,2021,Kansas City Royals,No
12,.312,91,.294,.162,3.2%,23.2%,7.7%,24.3%,42.7%,24.6%,0.77,28.6%,53.0%,18.4%,-4.0,-0.9%,-29.5,32%,75%,41%,2021,Los Angeles Angels,No
13,.335,101,.284,.185,3.8%,22.6%,9.8%,22.8%,40.0%,29.8%,0.68,29.9%,53.6%,16.6%,3.3,1.5%,83.1,33%,79%,39%,2021,Los Angeles Dodgers,Yes
14,.300,78,.296,.139,2.7%,26.2%,7.6%,22.9%,45.3%,23.5%,0.85,26.6%,54.7%,18.7%,-14.5,-4.5%,-113.4,28%,79%,41%,2021,Miami Marlins,No
15,.319,91,.283,.163,3.2%,24.0%,9.6%,23.0%,43.3%,25.8%,0.78,29.1%,53.4%,17.5%,-2.4,-1.3%,-9.3,31%,80%,42%,2021,Milwaukee Brewers,No
16,.322,104,.282,.182,3.8%,23.1%,8.6%,24.3%,42.4%,26.5%,0.74,31.5%,52.6%,15.9%,-5.1,-1.6%,-25.0,29%,78%,37%,2021,Minnesota Twins,No
17,.315,92,.291,.152,3.0%,23.8%,8.5%,23.1%,43.5%,25.2%,0.79,28.1%,53.7%,18.1%,-9.3,-6.7%,-62.8,28%,68%,37%,2021,New York Mets,No
18,.321,101,.285,.169,3.7%,24.5%,10.3%,23.2%,43.3%,25.5%,0.78,27.7%,53.7%,18.6%,1.1,1.4%,-40.8,28%,78%,36%,2021,New York Yankees,Yes
19,.320,105,.278,.168,3.3%,22.1%,8.9%,23.3%,41.0%,27.7%,0.70,29.8%,54.2%,16.1%,2.4,0.8%,11.2,31%,81%,46%,2021,Oakland Athletics,No
20,.323,95,.286,.168,3.3%,23.0%,9.3%,23.4%,43.8%,23.7%,0.82,28.0%,53.0%,19.0%,1.8,-1.0%,3.6,31%,80%,41%,2021,Philadelphia Phillies,No
21,.301,80,.290,.128,2.1%,22.2%,8.8%,24.2%,44.8%,23.4%,0.84,27.2%,55.7%,17.1%,-10.0,-3.4%,-117.0,28%,67%,36%,2021,Pittsburgh Pirates,No
22,.320,101,.287,.159,2.9%,21.6%,9.6%,24.0%,45.0%,22.0%,0.84,27.4%,55.4%,17.2%,-4.2,-1.9%,6.7,31%,74%,41%,2021,San Diego Padres,No
23,.304,92,.273,.159,3.3%,24.8%,8.9%,22.7%,41.7%,27.3%,0.72,29.1%,54.2%,16.7%,1.5,0.0%,-42.3,31%,73%,34%,2021,Seattle Mariners,No
24,.339,107,.295,.191,3.9%,23.6%,9.7%,23.4%,39.5%,28.7%,0.67,30.2%,53.1%,16.7%,7.9,6.6%,65.3,31%,83%,38%,2021,San Francisco Giants,No
25,.322,99,.287,.168,3.3%,22.4%,8.0%,22.8%,40.5%,28.2%,0.70,29.5%,53.8%,16.7%,1.2,-1.3%,3.6,30%,80%,43%,2021,St. Louis Cardinals,Yes
26,.328,112,.294,.186,3.6%,24.8%,9.4%,22.9%,42.4%,26.2%,0.74,29.4%,52.9%,17.7%,8.0,6.1%,120.0,35%,68%,47%,2021,Tampa Bay Rays,No
27,.297,82,.280,.143,2.8%,23.2%,7.3%,22.5%,46.3%,23.3%,0.88,27.1%,54.4%,18.5%,-16.7,-2.9%,-136.9,29%,79%,41%,2021,Texas Rangers,No
28,.345,113,.296,.200,4.3%,20.1%,8.2%,24.5%,40.5%,27.1%,0.69,28.7%,53.8%,17.6%,3.7,2.9%,103.8,33%,80%,41%,2021,Toronto Blue Jays,No
29,.335,110,.307,.159,3.0%,21.3%,9.4%,24.2%,47.0%,21.9%,0.92,26.4%,55.7%,17.9%,-2.0,-1.1%,13.0,29%,68%,36%,2021,Washington Nationals,No
